N,Interv_code,Reg,start_time,fin_time,date,A1,A2,A3,A3.1_1,A3.1_2,A3.1_3,A3.2,A3.3,A4,A4.1,A4.2,A5,A5.1,A6,A7,A8,A9,A10,A11,A12,A13,B1,B1.1,B1.2_1,B1.2_2,B1.2_3,B1.2_4,B1.2_5,B1.2_6,B2,B3,B3.1,B3.2_1,B3.2_2,B3.2_3,B3.2_4,B3.2_5,B3.2_6,B3.2_7,B3.2_8,B3.2_9,B3.2_10,B3.2_11,B3.2_12,B3.2_13,B3.2_14,B3.3_1,B3.3_2,B3.3_3,B3.3_4,B3.3_5,B3.3_6,B3.3_7,B3.3_8,B3.3_9,B3.3_10,B3.3_11,B3.3_12,B3.3_13,B3.3_14,B4,B4.1_1,B4.1_2,B4.1_3,B4.1_4,B5_1,B5_2,B5_3,B5_4,B5_5,B6_1,B6_2,B6_3,B6_4,B6_5,B6_6,C1,C1.1,C1.2,C1.3,C1.3.1_1,C1.3.1_2,C1.3.1_3,C1.3.1_4,C1.3.1_5,C1.3.1_6,C1.3.1_7,C1.3.1_8,C1.3.1_9,C1.3.1_10,C1.3.1_11,C1.3.2_1,C1.3.2_2,C1.3.2_3,C1.3.2_4,C1.3.2_5,C2,C3,C3.1,C3.2,C4,C4.1,C4.1.1,C4.2,D1,D1.1,D1.2,D1.3,D1.3.1_1,D1.3.1_2,D1.3.1_3,D1.3.1_4,D1.3.1_5,D1.3.1_6,D1.3.1_7,D1.3.1_8,D1.3.1_9,D1.3.1_10,D1.3.1_11,D1.3.1_12,D1.3.2,D1.3.3_1,D1.3.3_2,D1.3.3_3,D1.3.3_4,D1.3.3_5,D1.3.3_6,D1.3.3_7,D1.3.3_8,D1.3.3_9,D1.3.3_10,D1.3.3_11,D1.3.3_12,D1.4,D2,E1,E1.1_1,E1.1_2,E1.1_3,E1.1_4,E1.1_5,E1.1_6,E1.1_7,E1.1_8,E1.1_9,E1.1_10,E1.1_11,E1.1_12,E2_1,E2_2,E3_1,E3_2,E3_3,E3_4,E3_5,E3_6,E3_7,F1_1,F1_2,F2_1,F2_2,F2_3,F2_4,F2_5,F2_6,F2_7,F2_8,F3,F3.1,F4,G1_1,G1_2,G1_3,G1_4,G1_5,G2,G3,G4_1,G4_2,G4_3,G4_4,G4_5,G4_6,G4_7,G4_8,G4_9,G4_10,G4_11,G4_12,G4_13,G4_14,G4_15,G4_16,G5_1,G5_2,G5_3,G5_4,G5_5,G5_6,G5_7,G5_8,G5_9,G6,G7_1,G7_2,G7_3,G7_4,G7_5,G7_6,G7_7,G7_8,G7_9,G7_10,G7_11,G7_12,G7_13,G7_14,G7_15,G7_16,G8,G8.1,G8.2,G8.3,G8.3.1_1,G8.3.1_2,G8.3.1_3,G8.3.1_4,G8.3.1_5,G8.3.1_6,G8.3.1_7,G8.3.1_8,G8.3.2_1,G8.3.2_2,G8.3.2_3,G8.3.2_4,G8.3.2_5,G8.4_1,G8.4_2,G8.4_3,G8.4_4,G8.4_5,G8.4_6,G8.4_7,G8.4_8,G8.4_9,G8.4_10,G8.4_11,H1,H2,H3,H4_1,H4_2,H4.1,H5,H6,H7,H8,H9,H10_1,H10_2,H10_3,H10_4,Envelope
1,6,3,18.45,19.06,13622083200,1,2,1,,1,3,1,2,42,1,8,1,6,1,12,17,3,4,2,1,2,1,4,2,2,2,2,2,2,1,1,8,3,3,3,3,3,3,3,3,3,3,3,3,3,3,3,3,3,3,3,3,3,3,3,3,3,8,8,8,2,3,3,3,3,2,1,2,2,2,2,2,1,2,2,2,2,4,2,3,3,3,3,3,3,3,3,3,8,8,8,3,3,3,3,3,1,1,3,8,2,8,6,1,2,4,8,3,3,3,3,3,3,3,3,3,3,3,3,3,3,3,3,3,3,3,3,3,3,3,3,3,3,6,3,2,1,1,2,2,2,1,2,2,2,2,2,2,1,1,3,1,1,1,0,0,1,5,5,2,3,3,2,3,3,3,3,1,3,2,3,2,2,3,2,2,5,1,3,3,1,1,1,1,1,1,1,1,1,1,1,3,1,2,1,2,2,2,2,2,2,2,3,2,2,2,2,2,2,2,2,2,2,2,2,2,2,2,2,,,,,,,,,,,,,,,,,,,,,,,,,,,,,1,5,1,16,1,7,1,1,2,7,3,6,0,3,9,2
2,6,3,19.26,19.47,13622083200,1,2,1,,1,3,2,2,35,1,8,1,6,1,21,21,2,2,3,2,2,2,7,4,4,8,8,8,8,1,1,8,3,3,3,3,3,3,3,3,3,3,3,3,3,3,3,3,3,3,3,3,3,3,3,3,3,8,8,8,2,3,3,3,3,1,2,2,2,2,2,2,1,2,2,2,2,4,1,2,3,3,3,3,3,3,3,3,8,8,8,2,2,2,1,2,1,1,2,8,1,1,6,5,1,1,2,2,3,3,3,3,3,3,3,3,3,3,3,3,3,2,2,2,2,2,2,2,2,2,2,2,1,5,3,1,3,3,3,3,3,3,3,3,3,3,3,8,1,1,3,3,4,4,3,3,4,5,5,2,2,2,3,3,3,3,3,1,3,2,3,2,2,3,2,2,5,3,3,3,1,1,1,1,1,3,1,1,1,1,1,1,1,2,1,2,1,2,2,2,2,2,2,2,2,2,2,2,2,2,2,2,2,2,2,2,2,2,2,,,,,,,,,,,,,,,,,,,,,,,,,,,,,1,5,1,18,1,9,1,1,2,3,2,4,0,0,4,2
3,6,3,20.33,20.51,13622083200,1,2,3,,,3,4,8,72,1,8,1,6,1,17,10,2,4,3,2,3,1,3,2,2,2,2,2,2,1,2,1,2,2,2,1,2,2,2,2,2,2,2,2,2,2,2,2,2,2,2,2,2,2,1,2,2,2,2,2,2,3,3,3,3,2,1,2,2,2,2,2,1,2,2,2,2,4,1,1,2,2,2,2,2,2,2,2,2,2,1,3,3,3,3,3,1,2,5,2,2,8,6,3,2,4,8,3,3,3,3,3,3,3,3,3,3,3,3,3,3,3,3,3,3,3,3,3,3,3,3,3,3,6,3,1,3,3,3,3,3,3,3,3,3,3,3,8,1,1,3,3,3,3,2,2,3,3,3,2,3,3,2,2,3,3,3,1,4,2,3,2,2,3,2,2,5,3,3,1,1,1,1,1,1,1,1,1,1,1,1,1,1,2,1,2,2,2,2,2,2,2,3,2,2,2,2,2,2,2,2,2,2,2,2,2,2,2,2,,,,,,,,,,,,,,,,,,,,,,,,,,,,,1,5,1,15,1,10,1,3,2,2,1,3,0,0,3,2
4,6,3,18.03,18.21,13622169600,1,2,1,,1,3,2,2,35,1,8,1,6,2,14,20,2,4,1,1,3,1,2,1,2,1,2,2,2,2,2,2,3,3,3,3,3,3,3,3,3,3,3,3,3,3,2,2,2,1,2,2,2,2,2,2,2,2,2,2,2,3,3,3,3,1,2,1,2,2,2,2,1,2,2,2,2,4,1,1,2,2,2,2,2,2,2,2,2,2,1,3,3,3,3,3,1,1,2,8,1,1,6,5,1,1,2,2,3,3,3,3,3,3,3,3,3,3,3,3,3,2,2,2,2,1,2,2,2,2,2,2,2,6,3,2,2,1,2,2,2,2,2,2,2,1,2,2,4,1,3,4,4,4,3,3,4,5,5,2,3,3,3,3,3,3,3,1,4,2,4,2,2,3,3,2,5,3,3,1,1,1,1,1,1,1,1,1,1,1,1,1,1,2,1,2,2,2,2,2,2,2,1,2,2,2,2,2,2,2,2,2,2,2,2,2,2,2,2,,,,,,,,,,,,,,,,,,,,,,,,,,,,,1,3,1,16,1,9,1,1,2,3,10,3,1,1,5,2
5,6,3,18.51,19.1,13622169600,1,2,3,,,3,4,8,35,1,8,1,6,1,17,17,2,4,3,2,3,2,7,4,4,8,8,8,8,1,1,8,3,3,3,3,3,3,3,3,3,3,3,3,3,3,3,3,3,3,3,3,3,3,3,3,3,8,8,8,1,2,2,1,2,1,1,2,2,2,2,2,1,2,2,2,2,4,1,2,3,3,3,3,3,3,3,3,8,8,8,2,1,2,2,2,1,1,2,8,2,8,6,1,2,4,8,3,3,3,3,3,3,3,3,3,3,3,3,3,3,3,3,3,3,3,3,3,3,3,3,3,3,6,3,1,3,3,3,3,3,3,3,3,3,3,3,8,1,2,4,4,4,1,3,3,4,5,5,2,3,3,3,3,3,3,3,2,5,2,4,2,2,2,2,2,5,3,3,3,1,1,1,1,1,1,1,1,1,1,1,1,1,2,2,2,2,2,2,2,1,2,3,2,1,2,2,2,2,2,2,2,2,2,2,2,2,2,2,,,,,,,,,,,,,,,,,,,,,,,,,,,,,1,2,1,16,1,8,1,1,2,3,11,2,0,2,4,2
6,6,3,19.3,19.51,13622169600,1,1,1,,1,3,1,3,50,1,8,1,6,4,3,25,2,4,1,2,3,2,7,4,4,8,8,3,8,2,1,8,3,3,3,3,3,3,3,3,3,3,3,3,3,3,3,3,3,3,3,3,3,3,3,3,3,8,8,8,2,3,3,3,3,2,1,2,2,2,2,1,2,2,2,2,1,1,3,3,3,3,3,3,3,3,3,3,8,8,8,3,3,3,3,3,1,1,1,8,1,1,6,5,2,4,8,3,3,3,3,3,3,3,3,3,3,3,3,3,3,3,3,3,3,3,3,3,3,3,3,3,3,6,3,2,1,2,2,2,2,1,2,2,2,1,1,2,3,3,4,4,4,4,3,3,4,5,5,2,3,3,3,3,3,3,3,1,4,1,2,2,2,3,2,2,5,3,3,3,3,1,3,1,1,1,1,1,1,1,1,1,1,2,1,2,2,2,2,2,2,2,3,1,1,2,2,2,2,2,2,2,2,2,2,2,2,2,2,2,,,,,,,,,,,,,,,,,,,,,,,,,,,,2,2,1,14,1,8,1,4,7,8,2,3,0,1,4,2
7,6,3,19.57,20.17,13622169600,1,1,3,,,3,4,8,40,1,8,1,6,2,3,12,3,1,2,1,3,1,2,2,2,1,2,2,2,1,2,2,3,3,3,3,3,3,3,3,3,3,3,3,3,3,2,2,1,2,2,2,2,2,2,2,2,2,2,2,1,2,2,1,2,1,2,2,2,2,2,2,1,2,2,2,1,2,3,3,3,3,3,3,3,3,3,3,8,8,8,3,3,3,3,3,1,1,2,8,1,1,6,5,2,4,8,3,3,3,3,3,3,3,3,3,3,3,3,3,3,3,3,3,3,3,3,3,3,3,3,3,3,6,3,2,2,1,2,2,2,2,2,1,1,2,2,2,1,1,3,4,4,4,3,3,4,5,5,2,3,3,2,3,3,3,3,1,4,2,2,2,4,2,2,2,5,3,3,3,1,1,1,1,1,1,1,1,1,1,1,3,1,2,1,2,2,2,2,2,2,2,1,1,2,2,2,2,2,2,2,2,2,2,2,2,2,2,2,2,,,,,,,,,,,,,,,,,,,,,,,,,,,,1,2,1,17,1,9,1,1,2,7,12,4,1,1,6,2
8,6,3,20.19,20.37,13622169600,1,2,1,,1,3,2,3,60,1,8,1,6,1,6,12,3,1,2,1,3,1,2,1,2,2,2,2,2,1,2,2,3,3,3,3,3,3,3,3,3,3,3,3,3,3,2,2,2,1,2,2,2,2,2,2,2,2,2,2,2,3,3,3,3,1,2,2,2,2,2,2,1,2,2,2,2,4,2,3,3,3,3,3,3,3,3,3,8,8,8,3,3,3,3,3,1,2,5,2,2,8,6,1,2,4,8,3,3,3,3,3,3,3,3,3,3,3,3,3,3,3,3,3,3,3,3,3,3,3,3,3,3,6,3,1,3,3,3,3,3,3,3,3,3,3,3,8,1,1,3,4,4,4,3,3,4,5,5,1,2,3,2,2,3,3,2,1,4,1,4,2,4,2,2,2,5,3,3,3,3,1,1,1,1,3,1,1,1,1,1,1,1,2,1,2,2,2,2,2,2,2,2,1,1,1,1,2,2,2,2,2,2,2,2,2,2,2,2,2,,,,,,,,,,,,,,,,,,,,,,,,,,,,1,2,1,15,1,8,5,1,2,5,1,3,0,0,3,2
9,6,3,17.21,17.38,13622428800,1,2,1,6,,3,1,1,40,1,8,1,6,2,17,26,2,4,3,2,3,2,2,4,4,8,8,8,8,1,1,8,3,3,3,3,3,3,3,3,3,3,3,3,3,3,3,3,3,3,3,3,3,3,3,3,3,8,8,8,2,3,3,3,3,2,1,2,2,2,2,2,1,2,2,2,2,4,3,3,3,3,3,3,3,3,3,3,8,8,8,3,3,3,3,3,3,2,5,8,2,8,6,1,2,4,8,3,3,3,3,3,3,3,3,3,3,3,3,3,3,3,3,3,3,3,3,3,3,3,3,3,3,6,3,1,3,3,3,3,3,3,3,3,3,3,3,8,1,1,3,3,3,3,2,2,3,5,5,2,3,3,3,3,3,3,3,1,4,1,4,2,2,2,2,2,5,3,3,3,1,1,1,1,1,1,1,1,1,1,1,1,1,2,1,2,2,2,2,2,2,2,3,2,2,2,2,2,2,2,2,2,2,2,2,2,2,2,2,,,,,,,,,,,,,,,,,,,,,,,,,,,,,1,2,1,14,1,3,4,3,2,2,1,2,0,1,3,2
10,6,3,17.4,18.05,13622428800,1,2,1,6,,3,2,2,30,2,1,1,6,2,20,26,2,2,1,2,1,1,3,2,2,2,2,2,2,1,2,1,2,2,2,2,1,2,2,2,2,2,2,2,2,2,2,2,2,2,2,1,2,2,2,1,2,2,2,2,2,3,3,3,3,2,1,2,2,2,2,2,1,2,2,2,1,1,3,3,3,3,3,3,3,3,3,3,8,8,8,3,3,3,3,3,1,1,1,8,1,1,6,5,1,1,2,1,2,2,2,2,2,2,2,2,1,2,2,2,1,3,3,3,3,3,3,3,3,3,3,3,3,6,3,1,3,3,3,3,3,3,3,3,3,3,3,8,3,1,3,3,3,3,2,2,3,5,5,2,3,3,3,3,3,3,3,1,3,2,3,2,2,3,2,2,5,3,3,3,1,3,3,1,1,1,1,1,1,1,1,3,1,2,1,2,2,2,2,2,2,2,1,2,2,2,2,2,2,2,2,2,2,2,2,2,2,2,2,,,,,,,,,,,,,,,,,,,,,,,,,,,,,1,5,1,18,1,11,1,1,2,4,2,3,0,0,3,2
11,6,3,19.16,19.42,13622428800,1,2,1,,1,3,3,1,8,1,8,1,6,2,20,20,2,4,1,2,2,1,4,1,2,1,2,2,2,1,2,2,3,3,3,3,3,3,3,3,3,3,3,3,3,3,2,2,2,2,2,2,2,2,2,2,2,2,2,1,2,3,3,3,3,1,1,1,2,2,2,2,1,2,2,2,1,2,3,3,3,3,3,3,3,3,3,3,8,8,8,3,3,3,3,3,1,1,2,8,1,1,6,5,2,4,8,3,3,3,3,3,3,3,3,3,3,3,3,3,3,3,3,3,3,3,3,3,3,3,3,3,3,6,3,2,2,1,2,2,2,2,1,1,2,2,2,2,3,1,3,4,4,4,3,3,4,5,5,2,3,3,3,3,3,3,3,1,4,2,2,2,2,2,2,2,5,1,3,1,1,1,1,1,1,1,1,1,1,1,1,1,1,2,1,2,2,2,2,2,2,2,1,2,2,2,2,2,2,2,2,2,2,2,2,2,2,2,2,,,,,,,,,,,,,,,,,,,,,,,,,,,,,1,3,1,17,1,9,1,1,2,4,10,4,1,0,5,2
12,6,3,20,20.19,13622428800,1,2,1,,,1,3,1,100,1,8,1,6,2,18,19,3,4,3,1,3,1,2,1,2,1,2,3,1,2,1,8,3,3,3,3,3,3,3,3,3,3,3,3,3,3,3,3,3,3,3,3,3,3,3,3,3,8,8,8,2,3,3,3,3,1,2,2,2,2,2,1,2,2,2,2,1,2,3,3,3,3,3,3,3,3,3,3,8,8,8,3,3,3,3,3,1,1,2,8,1,1,6,5,2,4,8,3,3,3,3,3,3,3,3,3,3,3,3,3,3,3,3,3,3,3,3,3,3,3,3,3,3,6,3,1,3,3,3,3,3,3,3,3,3,3,3,8,3,1,4,4,4,4,3,3,4,5,5,2,3,3,3,3,3,3,3,1,2,1,4,2,2,2,2,2,5,3,3,1,1,1,1,3,1,1,1,1,1,1,1,3,1,2,1,2,2,2,2,2,2,2,1,1,1,2,2,2,2,2,2,2,2,2,2,2,2,2,2,2,,,,,,,,,,,,,,,,,,,,,,,,,,,,2,2,1,15,1,8,1,1,2,9,2,4,0,0,4,2
13,6,3,20.21,20.4,13622428800,1,2,1,,,1,1,2,35,1,8,2,2,1,3,24,4,4,3,1,2,2,7,4,4,8,8,3,8,1,1,8,3,3,3,3,3,3,3,3,3,3,3,3,3,3,3,3,3,3,3,3,3,3,3,3,3,8,8,8,2,3,3,3,3,2,1,1,2,2,2,2,1,2,2,2,2,4,2,3,3,3,3,3,3,3,3,3,8,8,8,3,3,3,3,3,3,1,3,8,2,8,6,1,2,4,8,3,3,3,3,3,3,3,3,3,3,3,3,3,3,3,3,3,3,3,3,3,3,3,3,3,3,6,3,1,3,3,3,3,3,3,3,3,3,3,3,8,1,1,4,4,4,4,3,3,4,5,5,2,3,3,3,3,3,3,3,2,5,1,3,2,2,3,3,2,5,3,2,3,1,1,1,1,1,1,1,1,1,1,1,1,1,2,1,2,2,2,2,2,2,2,3,2,2,2,2,2,2,2,2,2,2,2,2,2,2,2,2,,,,,,,,,,,,,,,,,,,,,,,,,,,,,2,5,1,17,1,11,1,2,2,9,4,3,0,0,3,2
14,6,3,20.46,21.08,13622428800,1,2,3,,,3,4,8,25,2,2,1,6,1,7,7,2,4,3,1,2,2,7,4,4,8,8,8,8,1,2,2,3,3,3,3,3,3,3,3,3,3,3,3,3,3,2,2,2,2,1,2,2,2,2,2,2,2,2,2,2,3,3,3,3,2,1,2,2,2,2,2,1,2,2,2,2,4,2,3,3,3,3,3,3,3,3,3,8,8,8,3,3,3,3,3,1,2,5,2,2,8,6,1,2,4,8,3,3,3,3,3,3,3,3,3,3,3,3,3,3,3,3,3,3,3,3,3,3,3,3,3,3,6,3,1,3,3,3,3,3,3,3,3,3,3,3,8,1,1,4,4,4,4,3,3,4,5,5,2,3,3,3,3,3,3,3,2,5,2,3,2,2,2,2,2,5,1,1,1,1,1,1,1,1,1,1,1,1,1,1,1,1,2,1,1,2,2,2,2,2,2,3,2,2,2,2,2,2,2,2,2,2,2,2,2,2,2,2,,,,,,,,,,,,,,,,,,,,,,,,,,,,,1,6,1,13,1,3,1,1,2,9,7,4,1,0,5,2
15,6,3,21.15,21.36,13622428800,1,1,1,,,1,2,1,46,1,8,1,6,1,21,21,2,4,1,1,3,1,2,2,2,2,2,2,2,1,2,1,2,2,2,2,2,2,2,1,2,2,2,2,2,2,2,2,2,2,2,2,2,2,2,2,2,1,1,2,2,2,2,1,2,1,1,2,2,2,2,2,1,2,2,2,1,2,3,3,3,3,3,3,3,3,3,3,8,8,8,3,3,3,3,3,1,1,3,8,1,1,6,5,2,4,8,3,3,3,3,3,3,3,3,3,3,3,3,3,3,3,3,3,3,3,3,3,3,3,3,3,3,6,3,1,3,3,3,3,3,3,3,3,3,3,3,8,1,1,4,4,4,4,3,3,4,5,5,2,3,3,3,3,3,3,3,1,1,2,3,2,2,3,3,2,5,3,1,3,1,1,1,1,1,1,1,1,1,1,1,1,1,2,1,1,2,1,2,2,2,2,3,2,2,2,2,2,2,2,2,2,2,2,2,2,2,2,2,,,,,,,,,,,,,,,,,,,,,,,,,,,,,1,2,1,20,1,10,1,1,2,6,10,2,1,0,3,2
16,6,3,21.45,22.04,13622428800,1,2,1,,1,3,1,2,30,1,8,1,6,2,20,20,2,4,1,2,2,2,7,4,4,8,8,8,8,1,1,8,3,3,3,3,3,3,3,3,3,3,3,3,3,3,3,3,3,3,3,3,3,3,3,3,3,8,8,8,2,3,3,3,3,1,1,1,2,2,2,2,1,2,2,2,2,4,2,3,3,3,3,3,3,3,3,3,8,8,8,3,3,3,3,3,1,1,2,8,1,1,6,5,2,4,8,3,3,3,3,3,3,3,3,3,3,3,3,3,3,3,3,3,3,3,3,3,3,3,3,3,3,6,3,1,3,3,3,3,3,3,3,3,3,3,3,8,2,1,3,3,3,3,3,3,4,2,2,2,3,3,3,3,3,3,3,2,5,9,2,2,2,3,3,2,5,3,3,3,3,1,1,3,1,1,1,1,1,1,1,3,1,2,1,2,2,2,2,2,2,2,1,2,2,2,2,2,2,2,2,2,2,2,2,2,2,2,2,,,,,,,,,,,,,,,,,,,,,,,,,,,,,1,3,1,16,1,9,1,1,2,3,2,5,0,0,5,2
17,6,3,16.18,16.36,13623033600,1,2,3,,,4,4,8,70,1,8,1,6,1,10,26,3,4,3,1,3,2,7,4,4,8,8,3,8,1,1,8,3,3,3,3,3,3,3,3,3,3,3,3,3,3,3,3,3,3,3,3,3,3,3,3,3,8,8,8,2,3,3,3,3,2,1,2,2,2,2,2,1,2,2,2,2,4,2,3,3,3,3,3,3,3,3,3,8,8,8,3,3,3,3,3,3,2,5,2,2,8,6,1,2,4,8,3,3,3,3,3,3,3,3,3,3,3,3,3,3,3,3,3,3,3,3,3,3,3,3,3,3,6,3,1,3,3,3,3,3,3,3,3,3,3,3,8,1,1,3,4,4,4,3,3,4,5,5,2,3,3,3,3,3,3,3,1,4,1,2,4,3,2,2,1,5,3,3,1,1,3,1,1,1,3,1,1,1,1,3,1,1,2,2,2,2,2,2,2,1,2,2,2,1,2,2,2,2,2,2,2,2,2,2,2,2,2,2,2,,,,,,,,,,,,,,,,,,,,,,,,,,,,2,2,1,11,1,2,1,1,2,5,2,2,1,1,4,2
18,6,3,16.4,16.59,13623033600,1,2,1,,,1,1,1,45,1,8,1,6,2,8,24,2,4,1,1,2,2,7,4,4,8,8,3,8,3,2,2,3,3,3,3,3,3,3,3,3,3,3,3,3,3,2,2,2,2,2,1,2,2,2,2,2,2,2,2,2,3,3,3,3,1,1,1,1,2,2,2,2,2,2,1,1,2,3,3,3,3,3,3,3,3,3,3,8,8,8,3,3,3,3,3,1,1,2,8,1,1,6,5,2,4,8,3,3,3,3,3,3,3,3,3,3,3,3,3,3,3,3,3,3,3,3,3,3,3,3,3,3,6,3,2,2,2,2,2,1,2,1,2,2,1,1,2,4,4,4,4,4,4,3,3,4,5,5,2,3,3,3,3,3,3,3,1,4,1,4,3,2,4,2,2,5,3,3,3,1,1,1,1,1,1,1,1,1,1,3,3,1,2,1,2,2,2,2,2,2,2,1,1,1,2,2,2,2,2,2,2,2,2,2,2,2,2,2,,,,,,,,,,,,,,,,,,,,,,,,,,,,,2,3,1,15,1,8,1,1,2,10,15,2,0,2,4,2
19,6,3,17.19,17.4,13623033600,1,2,3,,,4,4,8,40,1,8,1,6,1,3,25,3,1,3,1,3,2,7,4,4,8,8,3,8,1,1,8,3,3,3,3,3,3,3,3,3,3,3,3,3,3,3,3,3,3,3,3,3,3,3,3,3,8,8,8,2,3,3,3,3,2,1,2,2,2,2,2,1,2,2,2,2,4,2,3,3,3,3,3,3,3,3,3,8,8,8,3,3,3,3,3,1,1,2,8,2,8,6,1,2,4,8,3,3,3,3,3,3,3,3,3,3,3,3,3,3,3,3,3,3,3,3,3,3,3,3,3,3,6,3,1,3,3,3,3,3,3,3,3,3,3,3,8,1,1,3,1,1,1,0,0,1,5,5,2,3,3,3,3,3,3,3,1,4,1,3,2,2,2,2,2,5,3,3,3,1,1,1,1,1,1,1,1,1,1,1,3,1,2,1,2,2,2,2,2,2,2,2,2,1,2,2,2,2,2,2,2,2,2,2,2,2,2,2,2,,,,,,,,,,,,,,,,,,,,,,,,,,,,2,3,1,16,1,11,1,1,2,5,2,5,0,1,6,2
20,6,3,17.44,18,13623033600,1,2,3,,,4,4,8,40,2,8,1,6,1,17,24,2,4,3,1,3,2,7,4,4,8,8,3,8,1,1,8,3,3,3,3,3,3,3,3,3,3,3,3,3,3,3,3,3,3,3,3,3,3,3,3,3,8,8,8,2,3,3,3,3,2,1,2,2,2,2,2,1,2,2,2,2,4,2,2,3,3,3,3,3,3,3,3,8,8,8,3,3,3,3,3,1,1,1,8,2,8,6,4,2,4,8,3,3,3,3,3,3,3,3,3,3,3,3,3,3,3,3,3,3,3,3,3,3,3,3,3,3,6,3,1,3,3,3,3,3,3,3,3,3,3,3,8,1,1,3,4,4,4,3,3,4,5,5,2,3,3,3,3,3,3,3,1,4,1,2,2,2,2,2,2,5,3,3,3,3,3,3,3,3,3,3,1,1,1,3,1,1,2,1,2,2,2,2,2,2,2,2,2,2,2,2,2,2,2,2,2,2,2,2,2,2,2,2,,,,,,,,,,,,,,,,,,,,,,,,,,,,,2,2,1,15,1,8,1,1,2,5,2,4,1,1,6,2
21,6,3,18.01,18.15,13623033600,1,2,3,,,4,4,8,100,1,8,1,6,1,6,6,3,4,3,1,3,2,7,4,4,8,8,3,8,2,1,8,3,3,3,3,3,3,3,3,3,3,3,3,3,3,3,3,3,3,3,3,3,3,3,3,3,8,8,8,2,3,3,3,3,2,1,2,2,2,2,2,1,2,2,2,2,4,2,3,3,3,3,3,3,3,3,3,8,8,8,3,3,3,3,3,1,2,5,2,1,1,6,5,2,4,8,3,3,3,3,3,3,3,3,3,3,3,3,3,3,3,3,3,3,3,3,3,3,3,3,3,3,6,3,1,3,3,3,3,3,3,3,3,3,3,3,8,1,1,3,4,4,4,3,3,4,5,5,2,3,3,3,3,3,3,3,1,4,1,3,3,2,2,2,2,5,3,3,1,1,1,1,1,1,1,1,1,1,1,1,1,1,2,1,2,2,2,2,2,2,2,2,2,2,2,2,2,2,2,2,2,2,2,2,2,2,2,2,,,,,,,,,,,,,,,,,,,,,,,,,,,,,2,3,1,14,1,3,1,1,2,4,2,9,0,3,12,2
22,6,3,18.17,18.31,13623033600,1,2,1,3,,2,3,2,48,1,8,1,6,1,17,13,4,4,3,1,3,1,3,1,2,2,2,3,2,1,2,2,3,3,3,3,3,3,3,3,3,3,3,3,3,3,2,2,2,1,2,2,2,2,2,2,2,2,2,2,2,3,3,3,3,1,2,2,2,2,2,2,1,2,2,2,2,4,1,2,3,3,3,3,3,3,3,3,8,8,8,2,2,2,1,2,2,2,5,2,1,1,6,5,1,2,2,1,2,2,2,2,2,1,2,2,2,2,2,2,2,2,2,2,2,1,2,2,2,2,2,2,2,2,3,1,3,3,3,3,3,3,3,3,3,3,3,8,4,4,3,4,4,4,3,3,4,5,5,2,3,3,3,3,3,3,3,1,4,1,3,2,2,2,2,2,5,3,3,3,3,1,3,1,3,3,1,1,3,1,1,1,1,2,1,2,2,1,2,2,2,2,1,2,2,2,2,2,2,2,2,2,2,2,2,2,2,2,2,,,,,,,,,,,,,,,,,,,,,,,,,,,,,2,2,1,15,1,8,6,3,2,4,1,7,0,0,7,2
23,6,3,18.33,18.46,13623033600,1,2,1,,,1,1,1,30,1,8,1,6,1,21,21,2,4,3,2,3,2,7,4,4,8,8,8,8,2,1,8,3,3,3,3,3,3,3,3,3,3,3,3,3,3,3,3,3,3,3,3,3,3,3,3,3,8,8,8,2,3,3,3,3,1,1,2,2,2,2,1,2,2,2,2,2,4,1,2,3,3,3,3,3,3,3,3,8,8,8,2,1,2,2,2,1,1,2,8,1,1,6,5,2,4,8,3,3,3,3,3,3,3,3,3,3,3,3,3,3,3,3,3,3,3,3,3,3,3,3,3,3,6,3,1,3,3,3,3,3,3,3,3,3,3,3,8,1,1,4,4,4,4,3,3,4,5,5,2,3,3,3,3,3,3,3,1,1,2,3,2,3,2,2,2,5,3,3,3,1,3,1,1,1,1,1,1,1,1,3,1,1,2,1,2,2,2,2,2,2,2,2,2,2,2,2,2,2,2,2,2,2,2,2,2,2,2,2,,,,,,,,,,,,,,,,,,,,,,,,,,,,,1,3,1,16,1,8,1,3,2,3,10,4,2,0,6,2
24,6,3,18.49,19.06,13623033600,1,2,1,,1,2,1,2,35,1,8,1,6,1,10,26,2,4,3,2,3,2,7,4,4,8,8,8,8,2,1,8,3,3,3,3,3,3,3,3,3,3,3,3,3,3,3,3,3,3,3,3,3,3,3,3,3,8,8,8,2,3,3,3,3,2,1,2,2,2,2,2,1,2,2,2,2,4,2,3,3,3,3,3,3,3,3,3,8,8,8,3,3,3,3,3,3,1,2,8,1,1,6,5,2,4,8,3,3,3,3,3,3,3,3,3,3,3,3,3,3,3,3,3,3,3,3,3,3,3,3,3,3,6,3,1,3,3,3,3,3,3,3,3,3,3,3,8,1,1,3,4,4,4,3,3,4,5,5,2,3,3,3,3,3,3,3,1,3,2,4,3,3,3,3,2,5,1,3,1,1,1,1,1,1,1,1,1,1,1,3,3,2,1,2,2,2,2,2,2,2,2,1,2,2,2,2,2,2,2,2,2,2,2,2,2,2,2,2,,,,,,,,,,,,,,,,,,,,,,,,,,,,,1,4,1,16,1,11,1,1,2,4,2,4,0,1,5,2
25,6,3,17.14,17.35,13623120000,1,2,1,,1,2,1,2,40,1,8,1,6,2,20,20,2,4,3,2,2,1,2,1,2,1,2,2,2,1,1,8,3,3,3,3,3,3,3,3,3,3,3,3,3,3,3,3,3,3,3,3,3,3,3,3,3,8,8,8,2,3,3,3,3,1,1,2,2,2,2,2,1,2,2,2,2,4,1,2,3,3,3,3,3,3,3,3,8,8,8,2,1,2,2,2,1,1,2,8,1,1,6,5,2,4,8,3,3,3,3,3,3,3,3,3,3,3,3,3,3,3,3,3,3,3,3,3,3,3,3,3,3,6,3,1,3,3,3,3,3,3,3,3,3,3,3,8,1,1,3,4,4,4,3,3,4,5,5,2,3,3,3,3,3,3,3,1,1,2,3,2,3,3,3,2,5,3,1,1,1,1,1,1,1,1,1,1,1,1,1,1,1,2,1,2,2,1,2,2,2,2,2,2,2,2,2,2,2,2,2,2,2,2,2,2,2,2,2,,,,,,,,,,,,,,,,,,,,,,,,,,,,,1,6,1,15,1,8,1,1,2,10,4,2,0,0,2,2
26,6,3,17.37,17.5,13623120000,1,2,3,,,4,4,8,72,1,8,1,6,2,19,19,3,4,2,1,3,2,7,4,4,8,8,3,8,1,1,8,3,3,3,3,3,3,3,3,3,3,3,3,3,3,3,3,3,3,3,3,3,3,3,3,3,8,8,8,2,3,3,3,3,2,1,2,2,2,2,2,1,2,2,2,1,2,3,3,3,3,3,3,3,3,3,3,8,8,8,3,3,3,3,3,1,2,5,1,1,8,6,5,2,2,8,3,3,3,3,3,3,3,3,3,3,3,3,3,3,3,3,3,3,3,3,3,3,3,3,3,3,6,3,1,3,3,3,3,3,3,3,3,3,3,3,8,3,1,4,4,4,4,3,3,4,5,5,2,3,3,3,3,3,3,3,2,5,1,3,2,2,2,3,2,5,1,3,1,1,1,1,1,1,1,1,1,1,1,1,1,1,2,1,2,2,2,2,2,2,2,1,2,2,2,2,2,2,2,2,2,2,2,2,2,2,2,2,,,,,,,,,,,,,,,,,,,,,,,,,,,,,2,4,1,14,1,3,1,1,2,5,2,5,0,0,5,2
27,6,3,17.55,18.11,13623120000,1,2,1,,1,2,2,2,45,1,8,1,6,1,20,20,2,4,3,1,3,1,3,1,2,1,2,2,2,1,2,2,3,3,3,3,3,3,3,3,3,3,3,3,3,3,2,2,2,2,2,2,2,2,2,2,2,1,2,2,1,1,2,2,2,2,1,2,2,2,2,2,1,2,2,2,2,4,1,2,3,3,3,3,3,3,3,3,8,8,8,2,1,2,2,2,1,2,5,2,1,1,6,5,2,4,8,3,3,3,3,3,3,3,3,3,3,3,3,3,3,3,3,3,3,3,3,3,3,3,3,3,3,6,3,1,3,3,3,3,3,3,3,3,3,3,3,8,1,1,3,4,4,4,3,3,4,5,5,2,3,3,3,3,3,3,3,2,5,2,3,2,2,2,2,2,5,3,3,3,1,1,1,1,1,1,1,1,1,1,1,1,1,2,1,2,2,2,2,2,2,2,1,2,2,2,2,2,2,2,2,2,2,2,2,2,2,2,2,,,,,,,,,,,,,,,,,,,,,,,,,,,,,1,2,1,16,1,8,1,1,2,3,3,2,1,1,4,2
28,6,3,18.26,18.44,13623120000,1,2,1,,,1,2,2,56,1,8,1,6,2,1,19,3,4,2,1,1,1,2,1,2,2,2,3,2,1,1,8,3,3,3,3,3,3,3,3,3,3,3,3,3,3,3,3,3,3,3,3,3,3,3,3,3,8,8,8,2,3,3,3,3,2,1,2,2,2,2,2,1,2,2,2,2,4,1,2,3,3,3,3,3,3,3,3,8,8,8,2,2,2,1,2,1,1,2,8,2,8,6,1,2,4,8,3,3,3,3,3,3,3,3,3,3,3,3,3,3,3,3,3,3,3,3,3,3,3,3,3,3,6,3,1,3,3,3,3,3,3,3,3,3,3,3,8,1,1,3,4,3,4,3,3,4,5,5,2,3,2,3,3,3,3,3,2,5,1,3,2,2,2,2,2,5,1,1,1,1,1,1,1,1,3,1,1,1,1,1,1,1,2,2,1,2,2,2,2,2,2,2,2,2,2,2,2,2,2,2,2,2,2,2,2,2,2,2,,,,,,,,,,,,,,,,,,,,,,,,,,,,,2,3,1,11,1,2,1,1,8,4,2,3,0,0,3,2
29,6,3,18.48,19.06,13623120000,1,2,1,,1,2,1,2,56,1,8,1,6,1,27,27,4,4,3,2,3,1,2,2,2,2,2,2,2,1,1,8,3,3,3,3,3,3,3,3,3,3,3,3,3,3,3,3,3,3,3,3,3,3,3,3,3,8,8,8,2,3,3,3,3,1,1,2,2,2,2,2,1,2,2,2,1,2,3,3,3,3,3,3,3,3,3,3,8,8,8,3,3,3,3,3,1,1,2,8,2,8,6,1,2,4,8,3,3,3,3,3,3,3,3,3,3,3,3,3,3,3,3,3,3,3,3,3,3,3,3,3,3,6,3,1,3,3,3,3,3,3,3,3,3,3,3,8,1,1,3,4,4,4,3,3,4,5,5,2,3,3,3,3,3,3,3,1,4,2,3,2,2,3,2,2,5,3,3,3,3,1,3,1,3,3,1,1,1,1,1,1,1,2,1,2,2,2,2,2,2,2,1,2,2,2,2,2,2,2,2,2,2,2,2,2,2,2,2,,,,,,,,,,,,,,,,,,,,,,,,,,,,,1,3,1,15,1,8,3,1,2,3,1,3,0,1,4,2
30,6,3,19.08,19.22,13623120000,1,2,3,,,4,4,8,70,1,8,1,6,1,7,7,4,4,3,2,3,2,7,4,4,8,8,8,8,1,1,2,3,3,3,3,3,3,3,3,3,3,3,3,3,3,3,3,3,3,3,3,3,3,3,3,3,8,8,8,2,3,3,3,3,2,1,2,2,2,2,2,1,2,2,2,2,4,2,3,3,3,3,3,3,3,3,3,8,8,8,3,3,3,3,3,3,2,5,2,2,8,6,1,2,4,8,3,3,3,3,3,3,3,3,3,3,3,3,3,3,3,3,3,3,3,3,3,3,3,3,3,3,6,3,1,3,3,3,3,3,3,3,3,3,3,3,8,1,1,3,4,4,4,3,3,4,5,5,2,3,3,2,3,3,3,3,2,5,9,4,3,2,2,2,2,5,1,1,1,1,1,1,1,1,1,1,1,1,1,1,1,1,2,1,2,2,2,2,2,2,2,2,2,2,2,2,2,2,2,2,2,2,2,2,2,2,2,2,,,,,,,,,,,,,,,,,,,,,,,,,,,,,1,3,1,14,1,3,1,1,2,3,2,4,0,0,4,2
31,6,3,19.25,19.5,13623120000,1,2,1,,1,2,1,2,25,1,8,1,6,2,13,17,4,4,3,1,2,1,2,1,2,1,2,2,2,2,1,8,3,3,3,3,3,3,3,3,3,3,3,3,3,3,3,3,3,3,3,3,3,3,3,3,3,8,8,8,2,3,3,3,3,1,1,2,2,2,2,2,1,2,2,2,2,4,2,3,3,3,3,3,3,3,3,3,8,8,8,3,3,3,3,3,1,2,5,2,2,8,6,1,1,1,2,1,2,2,2,2,2,2,2,2,2,2,2,1,1,3,3,3,3,3,3,3,3,3,3,3,3,6,3,1,3,3,3,3,3,3,3,3,3,3,3,8,1,1,3,3,3,4,2,2,3,5,5,2,2,2,3,3,3,3,3,2,5,2,4,2,2,2,2,2,5,1,3,3,3,3,1,3,1,1,1,1,1,1,1,1,1,2,1,2,2,2,2,2,2,2,3,2,2,2,2,2,2,2,2,2,2,2,2,2,2,2,2,,,,,,,,,,,,,,,,,,,,,,,,,,,,,1,4,1,15,1,11,1,1,2,2,7,2,0,0,2,2
32,6,3,19.55,20.11,13623120000,1,2,3,,,4,4,8,40,1,8,1,6,1,3,17,3,4,3,1,1,2,7,4,4,8,8,8,8,1,1,8,3,3,3,3,3,3,3,3,3,3,3,3,3,3,3,3,3,3,3,3,3,3,3,3,3,8,8,8,2,3,3,3,3,1,2,2,2,2,2,2,1,2,2,2,2,4,2,3,3,3,3,3,3,3,3,3,8,8,8,3,3,3,3,3,1,1,2,8,1,1,6,5,2,4,8,3,3,3,3,3,3,3,3,3,3,3,3,3,3,3,3,3,3,3,3,3,3,3,3,3,3,6,3,1,3,3,3,3,3,3,3,3,3,3,3,8,1,1,3,4,4,1,3,3,4,5,5,2,3,3,3,3,3,3,3,2,5,2,3,2,2,2,2,2,5,3,1,1,1,1,1,1,1,1,1,1,1,1,1,3,1,2,1,2,2,2,2,2,2,2,1,2,2,2,2,2,2,2,2,2,2,2,2,2,2,2,2,,,,,,,,,,,,,,,,,,,,,,,,,,,,,1,4,1,14,1,3,1,1,2,4,1,5,1,1,7,2
33,34,9,11.41,12.12,13622083200,1,2,1,,1,3,1,1,40,1,8,1,6,3,20,17,2,2,1,2,2,1,2,2,2,2,2,2,1,2,1,8,3,3,3,3,3,3,3,3,3,3,3,3,3,3,3,3,3,3,3,3,3,3,3,3,3,8,8,8,1,2,2,1,2,1,1,1,1,2,2,2,2,2,2,1,2,4,1,1,2,2,2,2,2,2,2,2,2,1,8,3,3,3,3,3,2,2,5,2,2,8,6,1,2,4,8,3,3,3,3,3,3,3,3,3,3,3,3,3,3,3,3,3,3,3,3,3,3,3,3,3,3,6,3,1,3,3,3,3,3,3,3,3,3,3,3,8,2,2,3,2,3,3,2,2,3,5,5,0,3,3,1,3,1,3,3,2,5,2,4,3,2,3,2,2,5,1,3,1,1,1,1,1,1,1,1,1,1,4,1,1,1,2,1,2,2,2,2,2,2,2,2,2,2,2,2,2,2,2,2,2,2,2,2,2,2,2,2,,,,,,,,,,,,,,,,,,,,,,,,,,,,,1,5,3,21,1,2,5,1,2,3,1,1,0,0,1,1
34,34,9,12.34,13,13622083200,1,2,1,,1,3,1,1,40,1,8,1,6,3,27,12,2,4,1,2,2,2,7,4,4,8,8,8,1,3,2,2,3,3,3,3,3,3,3,3,3,3,3,3,3,3,1,2,2,2,2,2,2,2,2,2,2,2,2,2,2,3,3,3,3,2,2,2,2,1,2,2,2,2,2,1,1,2,3,3,3,3,3,3,3,3,3,3,8,8,8,3,3,3,3,3,1,1,2,1,2,8,6,1,1,1,8,3,3,3,3,3,3,3,3,3,3,3,3,3,3,3,3,3,3,3,3,3,3,3,3,3,3,6,3,1,3,3,3,3,3,3,3,3,3,3,3,8,2,1,3,2,1,1,0,0,1,5,5,2,2,3,3,3,3,3,3,1,4,2,1,2,2,3,3,2,5,4,4,4,4,4,4,4,4,4,4,4,4,4,4,4,4,2,1,2,2,2,2,2,2,2,2,1,1,2,2,2,2,2,2,2,2,2,2,2,1,2,2,2,,,,,,,,,,,,,,,,,,,,,,,,,,,,1,5,3,14,1,11,1,1,2,3,2,4,0,0,4,2
35,34,9,12.3,13.57,13622083200,1,2,1,6,,3,3,2,39,1,8,1,6,1,21,23,2,5,1,2,2,1,2,2,2,2,2,2,1,2,1,8,3,3,3,3,3,3,3,3,3,3,3,3,3,3,3,3,3,3,3,3,3,3,3,3,3,8,8,8,1,2,2,1,2,2,2,2,2,1,2,2,2,2,2,1,1,2,3,3,3,3,3,3,3,3,3,3,8,8,8,3,3,3,3,3,2,1,1,8,2,8,6,1,2,4,8,3,3,3,3,3,3,3,3,3,3,3,3,3,3,3,3,3,3,3,3,3,3,3,3,3,3,6,3,1,3,3,3,3,3,3,3,3,3,3,3,8,1,1,3,2,3,3,2,2,3,5,5,2,3,3,3,3,3,3,3,1,4,2,1,1,1,2,1,2,5,3,2,3,1,1,1,1,1,4,1,1,4,1,1,4,1,2,2,2,2,1,2,2,2,2,1,3,3,3,3,3,3,3,3,3,3,9,3,3,9,3,3,,,,,,,,,,,,,,,,,,,,,,,,,,,,,1,5,3,13,1,11,1,1,2,1,2,2,0,0,2,1
36,34,9,14.3,14.52,13622083200,1,2,3,,1,3,3,3,30,1,8,1,6,2,26,26,1,5,3,2,3,2,7,4,4,8,8,8,1,1,1,8,3,3,3,3,3,3,3,3,3,3,3,3,3,3,3,3,3,3,3,3,3,3,3,3,3,8,8,8,2,3,3,3,3,2,1,1,1,1,2,2,1,2,2,2,2,4,2,2,3,3,3,3,3,3,3,3,8,8,8,2,1,2,2,2,2,2,5,2,2,8,6,3,1,2,2,3,3,3,3,3,3,3,3,3,3,3,3,3,3,3,3,2,2,2,2,2,2,2,2,2,1,2,4,1,3,3,3,3,3,3,3,3,3,3,3,8,1,1,3,1,1,1,0,0,1,5,5,2,2,3,3,1,1,1,3,2,5,2,4,3,2,3,3,2,5,1,1,1,1,1,1,1,1,1,1,1,2,1,1,2,1,2,1,2,2,2,2,2,2,2,2,1,1,2,1,2,2,1,2,1,1,1,2,2,2,2,2,1,2,2,2,8,8,8,3,8,3,8,8,2,2,1,2,2,2,2,2,2,2,2,2,2,2,2,1,1,2,3,14,1,8,1,1,2,1,2,5,0,1,6,1
37,34,9,15.15,15.55,13622083200,1,2,3,,1,3,3,3,45,1,8,1,6,2,17,17,3,2,3,1,2,2,7,4,4,8,8,8,1,2,1,8,3,3,3,3,3,3,3,3,3,3,3,3,3,3,3,3,3,3,3,3,3,3,3,3,3,8,8,8,2,3,3,3,3,2,2,2,2,1,2,2,2,2,2,1,2,4,1,2,3,3,3,3,3,3,3,3,8,8,8,2,2,1,2,2,1,2,5,2,2,2,5,1,2,4,8,3,3,3,3,3,3,3,3,3,3,3,3,3,3,3,3,3,3,3,3,3,3,3,3,3,3,6,3,2,1,2,2,2,2,2,1,2,2,1,1,2,3,2,3,4,4,4,3,3,4,5,5,2,3,3,3,3,3,3,3,1,4,2,4,2,2,3,2,2,5,3,3,1,1,1,3,3,1,1,1,1,1,1,1,1,1,2,1,2,2,2,2,2,2,2,1,2,1,2,2,2,2,2,2,2,2,2,2,2,2,2,2,2,,,,,,,,,,,,,,,,,,,,,,,,,,,,1,5,3,18,1,11,5,1,2,3,1,3,1,2,5,2
38,34,9,16.2,16.37,13622083200,1,2,1,,1,3,1,1,48,1,8,1,6,1,14,14,2,2,3,1,1,1,6,1,1,1,1,2,2,2,1,8,3,3,3,3,3,3,3,3,3,3,3,3,3,3,3,3,3,3,3,3,3,3,3,3,3,8,8,8,1,2,2,1,2,2,1,2,2,2,1,2,2,2,2,2,1,2,3,3,3,3,3,3,3,3,3,3,8,8,8,3,3,3,3,3,2,1,2,8,1,1,6,5,2,4,8,3,3,3,3,3,3,3,3,3,3,3,3,3,3,3,3,3,3,3,3,3,3,3,3,3,3,6,3,1,3,3,3,3,3,3,3,3,3,3,3,8,1,1,3,4,4,4,3,0,1,5,5,2,3,3,3,3,3,3,3,2,5,2,4,2,2,3,3,2,5,1,3,1,1,1,1,1,1,1,1,1,1,1,1,1,1,2,1,2,2,2,2,2,2,2,1,2,1,2,2,2,2,2,2,2,1,1,1,2,2,2,2,1,1,3,2,8,8,8,3,8,3,8,8,2,1,2,2,2,1,2,2,2,2,2,2,2,2,2,2,1,4,3,18,1,11,1,1,2,4,9,4,1,0,5,2
39,34,9,12.57,12.12,13622342400,1,2,1,,1,3,1,1,54,1,8,1,6,1,7,7,2,5,3,1,3,2,7,4,4,8,8,8,8,2,1,8,3,3,3,3,3,3,3,3,3,3,3,3,3,3,3,3,3,3,3,3,3,3,3,3,3,8,8,8,1,2,1,2,2,1,2,2,2,2,2,2,2,2,2,1,2,4,1,2,3,3,3,3,3,3,3,3,8,8,8,2,2,1,2,2,2,2,5,2,2,8,6,3,2,4,8,3,3,3,3,3,3,3,3,3,3,3,3,3,3,3,3,3,3,3,3,3,3,3,3,3,3,6,1,1,3,3,3,3,3,3,3,3,3,3,3,8,1,1,3,2,4,2,1,3,4,5,5,2,3,3,3,3,3,3,3,2,5,1,4,2,3,3,2,2,5,1,1,1,1,1,1,1,1,1,1,1,1,4,1,1,1,2,1,2,2,2,2,2,2,2,2,2,2,2,2,2,2,2,2,2,2,2,2,2,2,2,2,2,,,,,,,,,,,,,,,,,,,,,,,,,,,,1,2,3,12,1,3,6,3,3,2,1,5,0,0,5,1
40,34,9,13.32,13.5,13622342400,1,1,1,,1,3,1,1,48,1,8,1,6,1,7,24,1,1,3,1,3,1,2,2,2,2,2,3,1,2,2,2,3,3,3,3,3,3,3,3,3,3,3,3,3,3,1,2,2,2,2,2,2,2,2,2,2,2,2,2,2,3,3,3,3,1,1,1,2,2,2,2,1,2,2,2,2,4,1,2,3,3,3,3,3,3,3,3,8,8,8,2,2,2,1,2,2,1,2,2,2,8,6,3,2,4,8,3,3,3,3,3,3,3,3,3,3,3,3,3,3,3,3,3,3,3,3,3,3,3,3,3,3,6,3,2,2,1,1,2,2,2,2,2,2,2,2,2,1,1,3,2,4,3,9,2,3,5,5,2,3,3,3,3,1,3,3,2,5,2,4,2,2,2,2,2,5,3,3,3,1,1,1,1,3,1,1,3,2,1,1,1,1,2,1,2,2,2,2,2,2,2,3,2,2,2,2,2,2,2,2,2,2,2,2,2,2,2,2,2,,,,,,,,,,,,,,,,,,,,,,,,,,,,2,1,3,13,1,3,2,2,7,4,1,2,0,0,2,1
41,34,9,14.17,14.4,13622342400,1,2,1,,1,3,1,1,10,2,1,1,6,2,20,20,2,5,3,1,1,1,6,2,2,2,2,2,2,2,1,8,3,3,3,3,3,3,3,3,3,3,3,3,3,3,3,3,3,3,3,3,3,3,3,3,3,8,8,8,2,3,3,3,3,1,2,1,2,2,2,2,2,2,2,1,2,4,2,2,3,3,3,3,3,3,3,3,8,8,8,2,2,1,2,2,1,1,2,2,1,1,6,5,2,4,8,3,3,3,3,3,3,3,3,3,3,3,3,3,3,3,3,3,3,3,3,3,3,3,3,3,3,6,3,1,3,3,3,3,3,3,3,3,3,3,3,8,1,1,3,2,4,4,3,3,4,5,5,2,3,3,3,3,3,3,3,2,5,2,4,2,2,3,2,2,5,1,3,1,1,1,1,1,1,1,4,4,4,4,1,1,1,2,1,2,2,2,2,2,2,2,1,2,2,2,2,2,2,2,2,2,2,2,2,2,2,2,2,,,,,,,,,,,,,,,,,,,,,,,,,,,,,1,2,3,15,1,8,1,1,2,2,9,3,2,1,0,1
42,34,9,15.22,15.4,13622342400,1,2,1,,1,3,1,1,21,1,8,1,6,2,20,20,2,2,3,1,2,2,7,4,4,8,8,8,8,3,1,8,3,3,3,3,3,3,3,3,3,3,3,3,3,3,3,3,3,3,3,3,3,3,3,3,3,8,8,8,1,2,2,1,2,2,2,2,2,1,2,2,2,2,2,1,2,4,1,2,3,3,3,3,3,3,3,3,8,8,8,2,2,2,1,2,1,1,2,2,1,1,6,5,2,4,8,3,3,3,3,3,3,3,3,3,3,3,3,3,3,3,3,3,3,3,3,3,3,3,3,3,3,6,3,2,2,2,2,2,2,2,2,2,2,1,2,2,4,1,3,3,4,4,3,3,4,5,5,2,3,3,3,3,3,3,3,1,4,2,4,2,2,3,3,2,5,1,1,1,1,1,1,1,1,1,1,1,4,4,1,1,1,2,1,2,2,2,2,2,2,2,1,1,1,2,1,1,1,2,1,2,1,1,1,2,2,2,2,2,,,,,,,,,,,,,,,,,,,,,,,,,,,,1,4,3,15,1,11,4,1,2,4,1,2,0,0,2,1
43,34,9,15.58,16.18,13622342400,1,2,1,,1,3,1,1,54,1,8,1,6,1,7,24,4,5,3,2,3,2,7,4,4,8,8,3,8,1,2,2,3,3,3,3,3,3,3,3,3,3,3,3,3,3,1,2,2,2,2,2,2,2,2,2,2,2,2,2,2,3,3,3,3,2,1,2,2,2,2,2,1,2,2,2,2,4,2,2,3,3,3,3,3,3,3,3,8,8,8,2,2,2,1,2,1,2,5,2,2,8,6,3,3,4,8,3,3,3,3,3,3,3,3,3,3,3,3,3,3,3,3,3,3,3,3,3,3,3,3,3,3,6,3,2,2,1,1,2,2,2,2,2,2,2,2,2,1,1,4,4,4,4,3,3,4,5,5,2,3,3,3,3,3,3,3,2,5,3,4,2,2,3,3,2,5,1,1,1,1,1,1,1,1,1,1,1,1,1,1,1,1,2,1,2,2,2,2,2,2,2,1,2,2,2,2,2,2,2,2,2,2,2,2,2,2,2,2,,,,,,,,,,,,,,,,,,,,,,,,,,,,,2,3,3,15,1,11,1,2,7,4,3,4,1,0,5,2
44,34,9,16.25,16.5,13622342400,1,2,1,,1,3,1,1,92,3,8,1,3,2,21,9,4,5,3,3,2,1,2,4,4,8,8,3,8,2,2,1,2,2,2,1,2,2,2,2,2,2,2,2,2,2,2,2,2,2,2,2,2,2,1,2,2,2,2,2,1,2,2,1,2,1,1,1,2,2,2,2,1,2,2,2,2,4,2,3,3,3,3,3,3,3,3,3,8,8,8,2,2,1,2,2,2,1,2,2,2,8,6,3,2,4,8,3,3,3,3,3,3,3,3,3,3,3,3,3,3,3,3,3,3,3,3,3,3,3,3,3,3,6,3,1,3,3,3,3,3,3,3,3,3,3,3,8,1,2,3,2,2,2,1,1,2,5,5,2,3,3,3,3,3,3,3,1,4,3,4,3,3,3,3,2,5,2,2,2,3,1,1,3,1,1,3,3,3,1,1,1,1,2,1,2,2,2,2,2,2,2,1,2,2,2,2,2,2,2,2,2,2,2,2,2,2,2,2,,,,,,,,,,,,,,,,,,,,,,,,,,,,,2,3,3,13,1,11,1,3,3,2,2,4,0,2,6,2
45,34,9,17.15,17.43,13622342400,1,2,1,,1,3,1,2,45,1,8,2,3,1,7,7,2,5,1,1,2,1,2,1,1,1,1,2,2,2,2,1,2,2,2,1,2,2,2,2,2,2,2,2,2,2,2,2,2,2,2,2,2,2,1,2,2,2,2,2,1,2,2,1,2,1,1,1,2,2,2,1,2,2,2,2,1,2,3,3,3,3,3,3,3,3,3,3,8,8,8,3,3,3,3,3,1,1,2,2,1,1,6,,2,4,8,3,3,3,3,3,3,3,3,3,3,3,3,3,3,3,3,3,3,3,3,3,3,3,3,3,3,6,3,2,2,2,2,2,2,2,1,1,2,1,1,2,4,2,3,4,4,4,3,3,4,5,5,2,3,3,3,3,3,3,3,2,5,2,4,2,2,2,2,2,5,1,1,1,1,1,1,1,1,1,4,4,4,4,1,1,1,2,1,2,2,2,2,2,2,2,1,1,1,2,2,2,2,2,2,2,2,2,2,2,2,2,2,2,,,,,,,,,,,,,,,,,,,,,,,,,,,,1,4,4,17,1,11,1,1,2,3,9,6,0,0,6,1
46,34,9,18,18.32,13622342400,1,2,1,,1,3,1,3,60,1,8,1,6,1,12,12,4,5,3,2,3,1,3,1,1,1,1,3,8,2,2,1,2,2,2,2,2,2,1,2,2,2,2,2,2,2,2,2,1,2,2,2,2,2,1,2,2,2,2,2,1,2,2,1,2,1,1,1,2,2,2,1,2,2,2,2,1,2,3,3,3,3,3,3,3,3,3,3,8,8,8,3,3,3,3,3,1,1,2,8,1,1,6,5,2,4,8,3,3,3,3,3,3,3,3,3,3,3,3,3,3,3,3,3,3,3,3,3,3,3,3,3,3,6,4,2,2,2,2,2,2,2,1,1,2,1,2,2,3,1,3,4,4,4,3,3,4,5,5,2,3,3,3,3,3,3,3,2,5,6,4,2,2,3,3,3,5,2,2,3,2,2,3,1,2,1,4,2,3,3,1,1,1,2,1,2,2,2,2,2,2,2,1,1,1,2,1,1,2,2,2,2,2,2,1,2,2,2,2,2,,,,,,,,,,,,,,,,,,,,,,,,,,,,2,1,3,15,1,8,2,4,1,3,8,3,0,0,3,1
47,34,9,13.16,13.36,13622428800,1,2,3,8,8,4,4,8,45,1,8,1,6,2,19,17,3,5,2,1,3,2,7,4,4,8,8,3,8,2,1,8,3,3,3,3,3,3,3,3,3,3,3,3,3,3,3,3,3,3,3,3,3,3,3,3,3,8,8,8,2,3,3,3,3,1,1,2,2,2,2,2,1,2,2,2,2,4,2,2,3,3,3,3,3,3,3,3,8,8,8,2,2,2,1,2,1,1,2,8,2,8,6,1,2,4,8,3,3,3,3,3,3,3,3,3,3,3,3,3,3,3,3,3,3,3,3,3,3,3,3,3,3,6,3,2,2,2,2,2,2,2,1,2,2,1,2,2,3,1,3,4,4,4,3,3,4,5,5,2,3,3,3,3,3,3,3,2,5,2,4,2,2,2,3,2,5,2,2,2,2,2,2,2,2,2,4,2,2,2,1,1,1,2,1,2,2,2,2,2,2,2,2,1,1,2,2,2,1,2,2,2,2,1,1,2,2,2,2,2,,,,,,,,,,,,,,,,,,,,,,,,,,,,2,1,3,12,1,2,2,1,2,3,5,3,1,0,4,2
48,34,9,13.45,14.05,13622428800,1,2,1,,1,3,1,1,40,1,8,1,6,2,27,17,2,1,3,1,1,2,7,4,4,8,8,8,8,2,1,8,3,3,3,3,3,3,3,3,3,3,3,3,3,3,3,3,3,3,3,3,3,3,3,3,3,8,8,8,1,2,2,1,2,1,2,2,2,2,2,2,2,2,2,1,2,4,2,2,3,3,3,3,3,3,3,3,8,8,8,1,2,2,2,2,2,1,2,1,2,8,6,1,2,4,8,3,3,3,3,3,3,3,3,3,3,3,3,3,3,3,3,3,3,3,3,3,3,3,3,3,3,6,3,1,3,3,3,3,3,3,3,3,3,3,3,8,1,2,3,2,3,3,2,2,3,5,5,2,3,3,3,3,3,3,3,2,5,2,3,2,2,2,2,2,5,1,3,1,1,1,1,1,1,1,4,1,1,1,2,1,1,2,1,2,2,2,2,2,2,2,1,2,2,2,2,2,2,2,2,2,2,2,2,2,2,2,2,,,,,,,,,,,,,,,,,,,,,,,,,,,,,1,4,3,15,1,11,5,1,2,2,1,2,0,0,2,1
49,34,9,14.11,14.4,13622428800,1,2,1,3,,3,1,1,48,1,8,1,6,1,8,17,3,4,2,1,3,1,2,1,1,1,1,3,2,2,1,8,3,3,3,3,3,3,3,3,3,3,3,3,3,3,3,3,3,3,3,3,3,3,3,3,3,8,8,8,2,3,3,3,3,1,2,2,2,2,1,2,2,2,2,2,1,2,1,2,3,3,3,3,3,3,3,3,8,8,8,1,2,2,2,2,1,1,3,8,3,2,1,5,2,4,8,3,3,3,3,3,3,3,3,3,3,3,3,3,3,3,3,3,3,3,3,3,3,3,3,3,3,6,3,2,2,1,2,2,2,2,2,2,2,2,2,2,1,1,4,4,1,1,0,0,1,5,5,2,3,3,3,3,3,3,3,1,1,1,1,1,1,1,1,2,5,2,2,3,2,3,2,1,2,1,4,2,2,1,1,1,1,2,1,2,2,2,2,2,2,2,2,1,1,2,1,2,2,2,2,2,2,2,1,2,2,2,2,2,,,,,,,,,,,,,,,,,,,,,,,,,,,,2,2,3,9,1,2,1,3,2,5,2,2,0,1,3,1
50,34,9,14.54,15.2,13622428800,1,2,1,,1,3,1,1,40,1,8,1,6,2,21,21,2,5,3,1,2,1,6,1,1,1,1,2,1,2,2,2,1,3,3,3,3,3,3,3,3,3,3,3,3,3,2,2,2,2,2,2,2,2,2,2,2,2,2,1,2,3,3,3,3,2,1,1,2,2,1,2,2,2,2,2,1,2,3,3,3,3,3,3,3,3,3,3,8,8,8,3,3,3,3,3,1,2,5,2,1,1,6,5,2,4,8,3,3,3,3,3,3,3,3,3,3,3,3,3,3,3,3,3,3,3,3,3,3,3,3,3,3,6,3,2,2,2,2,2,2,2,2,1,2,1,2,2,2,1,3,4,4,4,3,3,4,5,5,2,3,3,3,3,3,3,3,2,5,1,4,2,3,2,2,2,5,1,3,1,1,1,1,1,1,1,1,1,1,1,1,1,1,2,1,2,2,2,2,2,2,2,1,2,1,2,2,2,2,2,2,2,2,2,2,2,1,2,2,2,,,,,,,,,,,,,,,,,,,,,,,,,,,,1,3,3,17,1,11,1,1,2,3,11,3,2,0,5,2
51,34,9,15.3,15.55,13622428800,1,2,1,,1,3,1,1,40,1,8,1,6,2,21,12,2,5,3,1,2,1,2,1,1,1,1,2,2,2,1,8,3,3,3,3,3,3,3,3,3,3,3,3,3,3,3,3,3,3,3,3,3,3,3,3,3,8,8,8,1,2,2,1,2,1,1,1,2,2,2,2,1,2,2,2,2,4,2,2,3,3,3,3,3,3,3,3,8,8,8,2,2,1,2,2,1,2,2,8,1,1,6,5,2,4,8,3,3,3,3,3,3,3,3,3,3,3,3,3,3,3,3,3,3,3,3,3,3,3,3,3,3,6,3,2,2,1,2,2,2,2,2,1,2,2,1,2,2,2,3,4,4,4,3,3,4,5,5,2,3,3,3,3,3,3,3,2,5,2,4,2,2,2,1,2,5,1,3,1,1,1,1,3,1,1,1,1,1,4,1,1,1,2,1,2,2,2,2,2,2,2,1,1,1,2,1,2,1,2,1,2,1,1,1,2,2,2,2,1,3,1,2,8,8,8,3,8,3,8,8,2,2,2,1,2,2,2,2,2,2,2,2,2,1,2,2,1,4,3,17,1,11,1,1,2,3,3,5,0,0,5,1
52,34,9,16.07,16.3,13622428800,1,2,1,,,1,3,2,45,1,8,1,6,2,22,17,2,5,3,1,2,1,2,1,1,1,1,2,2,2,1,2,2,1,2,2,2,2,2,2,2,2,2,2,2,2,2,2,2,2,2,2,2,2,2,2,2,2,2,1,2,3,3,3,3,1,1,1,2,2,1,2,2,2,2,2,1,2,3,3,3,3,3,3,3,3,3,3,8,8,8,3,3,3,3,3,1,1,2,8,1,1,6,5,1,1,1,1,2,2,2,2,2,2,2,2,2,1,2,2,1,3,3,3,3,3,3,3,3,3,3,3,3,6,3,1,2,2,2,2,2,2,2,1,2,1,1,2,4,2,3,3,4,4,3,3,4,5,5,2,3,3,3,3,3,3,3,1,4,2,3,2,2,1,2,2,5,3,2,1,1,1,1,1,1,1,1,1,1,1,1,1,1,2,1,2,2,2,2,2,2,2,1,2,1,2,2,2,2,2,2,2,2,2,2,2,2,2,2,2,,,,,,,,,,,,,,,,,,,,,,,,,,,,1,4,4,17,1,11,1,2,3,8,5,0,0,5,2,2
53,34,9,16.37,17,13622428800,1,2,1,,1,3,2,3,85,1,8,1,6,2,19,19,3,5,3,1,3,1,1,1,1,1,1,3,2,2,1,8,3,3,3,3,3,3,3,3,3,3,3,3,3,3,3,3,3,3,3,3,3,3,3,3,3,8,8,8,2,3,3,3,3,2,1,2,2,2,2,2,1,2,2,2,2,4,2,2,3,3,3,3,3,3,3,3,8,8,8,2,2,2,2,1,1,1,2,2,1,1,6,5,2,4,8,3,3,3,3,3,3,3,3,3,3,3,3,3,3,3,3,3,3,3,3,3,3,3,3,3,3,6,3,2,2,2,1,2,2,2,1,1,2,1,2,2,4,1,3,1,1,1,0,0,4,5,5,2,3,3,3,3,3,3,3,1,4,2,4,2,2,2,2,2,5,2,2,1,2,1,3,3,1,1,1,3,3,1,1,1,1,2,2,1,1,2,1,1,2,1,2,2,2,2,2,2,2,2,2,2,2,2,2,2,2,2,2,2,,,,,,,,,,,,,,,,,,,,,,,,,,,,2,3,3,11,1,3,1,1,2,3,2,3,3,0,6,2
54,34,9,18.15,18.5,13622428800,1,2,1,,1,3,1,1,40,1,8,1,6,2,21,21,2,5,3,1,2,1,1,1,1,1,1,2,2,2,1,8,3,3,3,3,3,3,3,3,3,3,3,3,3,3,3,3,3,3,3,3,3,3,3,3,3,8,8,8,2,2,1,2,1,1,1,2,2,2,2,2,1,2,2,2,2,4,1,2,3,3,3,3,3,3,3,3,8,8,8,2,2,1,2,2,1,2,5,2,1,8,6,5,2,4,8,3,3,3,3,3,3,3,3,3,3,3,3,3,3,3,3,3,3,3,3,3,3,3,3,3,3,6,3,2,2,2,2,2,2,2,2,1,2,2,2,2,1,1,3,2,4,4,3,3,4,5,5,2,3,3,3,3,3,3,3,2,5,1,4,2,2,2,2,2,5,1,3,1,1,1,1,1,1,1,1,1,1,4,1,1,1,2,1,2,1,2,2,1,2,2,1,2,1,2,2,2,2,1,2,2,2,2,2,2,2,2,2,2,,,,,,,,,,,,,,,,,,,,,,,,,,,,1,4,3,20,1,9,1,1,2,4,3,2,0,1,3,1
55,34,9,13.1,13.4,13622601600,1,2,1,,,1,3,1,45,3,8,1,6,1,2,9,3,1,2,1,1,1,2,1,1,1,1,3,2,2,2,8,3,3,3,3,3,3,3,3,3,3,3,3,3,3,2,2,2,2,2,2,2,2,2,2,2,2,2,1,2,3,3,3,3,2,2,2,1,2,2,2,2,2,1,2,1,2,3,3,3,3,3,3,3,3,3,3,8,8,8,3,3,3,3,3,1,1,2,8,2,8,6,3,2,4,8,3,3,3,3,3,3,3,3,3,3,3,3,3,3,3,3,3,3,3,3,3,3,3,3,3,3,6,3,1,3,3,3,3,3,3,3,3,3,3,3,8,1,1,3,4,1,1,0,0,1,5,5,2,3,3,3,3,3,3,3,2,5,1,3,3,3,3,3,2,5,1,1,1,1,1,1,1,1,1,1,1,1,1,1,1,1,2,1,2,2,2,2,2,1,2,2,1,1,2,2,2,2,1,2,2,2,2,2,2,2,2,2,2,,,,,,,,,,,,,,,,,,,,,,,,,,,,2,3,3,14,1,11,1,1,2,5,2,3,0,0,4,1
56,34,9,13.44,14.1,13622601600,1,2,1,,1,2,3,3,1,2,1,1,6,1,2,9,3,3,2,1,3,1,6,1,1,1,1,3,2,2,2,8,3,3,3,3,3,3,3,3,3,3,3,2,2,2,1,2,2,2,2,2,2,2,2,2,2,2,2,2,1,2,2,1,2,1,1,1,1,2,2,2,1,2,2,2,2,4,2,2,3,3,3,3,3,3,3,3,8,8,8,2,2,2,2,1,1,1,2,8,2,8,6,4,2,4,8,3,3,3,3,3,3,3,3,3,3,3,3,3,3,3,3,3,3,3,3,3,3,3,3,3,3,6,3,1,3,3,3,3,3,3,3,3,3,3,3,8,1,1,3,2,3,3,2,2,3,5,2,2,3,3,3,3,3,3,3,1,3,1,4,2,2,2,2,2,5,3,3,3,3,1,1,1,3,1,3,3,3,4,1,1,1,2,1,2,2,2,2,2,2,2,2,2,2,2,2,2,2,2,2,2,2,2,2,2,2,2,2,,,,,,,,,,,,,,,,,,,,,,,,,,,,,2,2,3,10,1,1,1,3,3,5,8,2,1,1,4,2
57,34,9,14.2,15,13622601600,1,2,1,,,1,3,3,40,1,8,2,4,1,2,16,3,1,3,1,2,2,7,4,4,8,8,3,8,2,1,8,3,3,3,3,3,3,3,3,3,3,3,3,3,3,3,3,3,3,3,3,3,3,3,3,3,8,8,8,1,1,2,2,2,2,1,2,2,2,1,2,2,2,2,2,1,2,3,3,3,3,3,3,3,3,3,3,8,8,8,3,3,3,3,3,1,1,2,8,2,8,6,1,2,4,8,3,3,3,3,3,3,3,3,3,3,3,3,3,3,3,3,3,3,3,3,3,3,3,3,3,3,6,4,1,3,3,3,3,3,3,3,3,3,3,3,8,1,1,3,3,3,3,2,2,3,5,5,2,3,3,3,3,3,3,3,2,5,2,4,3,3,3,3,2,5,4,3,2,4,4,4,4,4,4,4,4,4,4,4,4,4,2,2,2,1,2,2,2,1,2,2,2,2,2,2,2,2,2,2,2,1,1,1,2,2,2,2,2,,,,,,,,,,,,,,,,,,,,,,,,,,,,2,5,3,15,1,11,5,10,1,4,1,0,0,0,1,2
58,34,9,15.05,15.3,13622601600,1,2,1,,1,3,2,1,1,1,8,1,6,1,2,14,2,5,3,1,1,2,7,4,4,8,8,8,8,2,2,2,3,3,3,3,3,3,3,3,3,3,3,3,3,3,2,1,2,2,2,2,2,2,2,2,2,2,2,2,2,3,3,3,3,2,1,1,2,2,1,2,2,2,2,2,2,4,1,2,3,3,3,3,3,3,3,3,8,8,8,2,2,1,2,2,2,1,2,8,1,1,6,5,2,4,8,3,3,3,3,3,3,3,3,3,3,3,3,3,3,3,3,3,3,3,3,3,3,3,3,3,3,6,3,2,2,1,2,2,2,2,1,1,2,2,1,2,1,2,3,3,3,3,2,2,3,5,5,2,3,3,3,3,3,3,3,2,5,3,4,3,2,2,2,4,5,1,3,4,4,4,4,4,4,4,4,4,4,4,4,4,4,2,1,2,2,2,2,2,2,2,2,2,2,2,2,2,2,2,2,2,2,2,2,2,2,2,2,,,,,,,,,,,,,,,,,,,,,,,,,,,,,1,4,3,15,1,11,5,1,2,3,1,3,1,0,4,2
59,34,9,16.03,16.25,13622601600,1,1,1,,1,3,1,1,77,1,8,1,6,1,7,24,2,5,3,1,3,1,6,1,1,1,1,2,2,2,1,8,3,3,3,3,3,3,3,3,3,3,3,3,3,3,3,3,3,3,3,3,3,3,3,3,3,8,8,8,2,3,3,3,3,1,2,2,2,2,2,2,1,2,2,2,2,4,2,2,3,3,3,3,3,3,3,3,8,8,8,2,2,1,2,2,2,1,3,2,3,1,1,5,2,4,8,3,3,3,3,3,3,3,3,3,3,3,3,3,3,3,3,3,3,3,3,3,3,3,3,3,3,6,3,2,2,1,2,2,2,2,2,2,2,2,2,2,1,1,3,2,2,2,1,1,2,5,5,2,3,3,3,3,3,3,3,2,5,1,4,3,3,3,3,2,5,1,1,1,1,1,1,1,1,1,1,1,1,1,1,1,1,2,1,2,2,2,2,2,2,2,3,1,1,2,1,1,1,2,2,2,1,1,1,2,2,2,2,2,,,,,,,,,,,,,,,,,,,,,,,,,,,,1,3,3,17,1,11,1,1,2,2,2,2,3,0,0,1
60,34,9,16.38,17,13622601600,1,2,1,,1,3,1,3,20,3,2,1,6,1,23,23,2,4,3,2,3,1,3,1,1,1,1,2,2,2,1,2,2,2,2,2,2,2,1,2,2,2,2,2,2,2,2,2,1,2,2,2,2,2,2,2,2,2,2,2,1,2,2,2,1,1,1,1,2,2,2,1,2,2,2,2,2,4,2,2,3,3,3,3,3,3,3,3,8,8,8,2,2,2,1,2,4,1,2,8,1,1,6,5,2,4,8,3,3,3,3,3,3,3,3,3,3,3,3,3,3,3,3,3,3,3,3,3,3,3,3,3,3,6,4,1,3,3,3,3,3,3,3,3,3,3,3,8,1,1,3,2,2,2,1,1,2,5,5,2,3,3,3,3,3,3,3,2,5,3,4,2,2,2,2,2,5,3,3,1,1,3,1,1,1,1,1,1,4,1,1,1,1,2,1,2,2,2,2,2,2,2,2,2,1,2,2,2,2,2,2,2,2,1,2,2,2,2,2,1,2,1,2,8,8,8,3,8,3,8,8,1,1,2,2,2,2,2,2,2,2,2,2,2,2,2,2,1,1,3,15,1,8,6,1,2,3,1,3,0,0,3,1
61,34,9,17.15,17.4,13622601600,1,2,1,,1,3,1,3,72,1,8,1,6,1,7,7,2,5,3,2,2,2,7,4,4,8,8,8,8,2,1,8,3,3,3,3,3,3,3,3,3,3,3,3,3,3,3,3,3,3,3,3,3,3,3,3,3,8,8,8,1,2,2,1,2,2,2,2,2,1,2,2,2,2,2,1,2,4,2,2,3,3,3,3,3,3,3,3,8,8,8,2,2,1,2,2,2,2,5,2,2,8,6,3,2,4,8,3,3,3,3,3,3,3,3,3,3,3,3,3,3,3,3,3,3,3,3,3,3,3,3,3,3,6,3,1,3,3,3,3,3,3,3,3,3,3,3,8,1,1,3,4,4,4,3,3,4,5,5,2,3,3,3,3,3,3,3,2,5,1,4,3,3,3,3,4,5,4,4,4,4,4,4,4,4,4,4,4,4,4,4,4,4,,,,,,,,,,3,2,2,2,2,2,2,2,2,2,2,2,2,2,2,2,2,,,,,,,,,,,,,,,,,,,,,,,,,,,,,1,3,3,13,1,11,1,1,2,2,10,4,0,0,4,1
62,34,9,17.44,18.11,13622601600,1,1,1,,1,3,3,3,60,1,8,1,6,1,7,7,3,1,2,2,3,1,2,2,2,2,2,3,1,1,1,8,3,3,3,3,3,3,3,3,3,3,3,3,3,3,3,3,3,3,3,3,3,3,3,3,3,8,8,8,1,2,2,2,1,1,1,1,2,2,2,2,1,2,2,2,2,4,2,2,3,3,3,3,3,3,3,3,8,8,8,2,2,1,2,2,2,1,3,2,3,8,6,3,2,4,8,3,3,3,3,3,3,3,3,3,3,3,3,3,3,3,3,3,3,3,3,3,3,3,3,3,3,6,3,2,2,1,1,1,2,2,2,2,2,2,2,2,1,1,3,4,4,2,1,1,2,5,5,2,3,3,3,3,3,3,3,2,5,1,3,2,2,2,2,4,5,3,3,3,3,1,1,1,1,1,3,3,3,1,1,1,1,2,1,2,2,2,2,2,2,2,2,2,1,2,1,1,1,2,2,2,1,1,1,2,2,2,2,2,,,,,,,,,,,,,,,,,,,,,,,,,,,,2,1,3,11,1,2,2,1,2,3,8,4,1,0,5,1
63,34,9,12.15,12.45,13622774400,1,2,1,,1,3,1,3,40,1,8,1,6,1,6,6,3,3,2,1,2,1,2,2,2,2,2,3,2,2,1,8,3,3,3,3,3,3,3,3,3,3,3,3,3,3,3,3,3,3,3,3,3,3,3,3,3,8,8,8,1,2,2,1,2,1,1,1,2,2,1,2,2,2,2,2,1,2,3,3,3,3,3,3,3,3,3,3,8,8,8,3,3,3,3,3,4,1,1,2,3,2,6,3,2,4,8,3,3,3,3,3,3,3,3,3,3,3,3,3,3,3,3,3,3,3,3,3,3,3,3,3,3,6,3,2,2,1,1,2,2,2,2,2,2,2,2,2,1,1,3,4,3,3,2,2,3,5,5,2,3,3,3,3,3,3,3,2,5,4,4,4,2,2,3,2,5,3,3,1,1,1,1,1,1,1,1,3,1,1,1,1,1,2,1,2,2,2,2,2,2,2,2,2,1,2,2,2,2,2,2,2,2,2,2,2,2,2,2,2,,,,,,,,,,,,,,,,,,,,,,,,,,,,2,3,3,17,1,11,1,1,2,5,2,5,3,0,8,1
64,34,9,13,13.27,13622774400,1,2,1,,1,3,1,1,45,1,8,1,6,3,12,12,4,5,3,1,2,1,6,1,1,1,1,2,2,1,2,2,3,3,3,3,3,3,3,3,3,3,3,3,3,3,2,2,2,2,2,2,2,2,2,2,2,2,2,1,1,2,2,1,2,1,1,1,2,2,2,2,1,2,2,2,1,2,3,3,3,3,3,3,3,3,3,3,8,8,8,3,3,3,3,3,1,1,2,1,1,8,6,,2,4,8,3,3,3,3,3,3,3,3,3,3,3,3,3,3,3,3,3,3,3,3,3,3,3,3,3,3,6,3,2,2,1,2,2,2,2,2,1,2,1,2,2,3,1,3,4,4,4,3,3,4,5,5,2,3,2,2,3,3,3,2,2,5,3,4,3,2,2,2,4,5,1,3,1,1,1,1,4,4,4,4,4,4,4,1,1,1,2,1,2,2,2,2,2,2,2,2,1,1,2,2,2,2,2,2,2,2,2,2,2,2,2,1,1,2,2,2,8,8,8,3,8,3,8,8,2,1,2,2,2,2,2,2,2,2,2,1,2,2,2,2,1,3,3,19,1,11,5,1,2,4,1,2,0,0,2,1
65,30,10,12.4,13.05,13622169600,1,2,3,,,4,4,8,41,1,8,2,6,2,19,19,3,2,2,1,3,2,7,4,4,8,8,3,8,2,1,8,3,3,3,3,3,3,3,3,3,3,3,3,3,3,3,3,3,3,3,3,3,3,3,3,3,8,8,8,2,3,3,3,3,2,2,2,2,1,2,2,2,2,2,1,2,4,2,2,3,3,3,3,3,3,3,3,8,8,8,2,2,1,2,2,2,1,2,8,1,1,6,5,1,2,2,2,3,3,3,3,3,3,3,3,3,3,3,3,3,2,2,2,2,1,2,2,2,2,2,2,2,2,4,2,2,1,1,2,2,2,1,1,2,1,2,2,1,1,4,4,3,3,2,2,3,5,5,2,3,3,3,3,3,3,3,2,5,1,4,3,3,3,3,2,5,2,2,1,1,1,4,4,4,4,4,4,4,4,4,4,4,2,1,2,2,2,2,2,2,2,2,2,2,2,2,2,2,2,2,2,2,2,2,2,2,2,2,,,,,,,,,,,,,,,,,,,,,,,,,,,,,2,2,3,15,1,7,6,1,2,5,1,5,0,1,6,1
66,30,10,13.2,13.42,13622169600,1,2,1,,,1,3,2,20,1,8,1,6,1,21,17,2,5,3,1,2,1,2,1,2,1,2,1,2,2,1,8,3,3,3,3,3,3,3,3,3,3,3,3,3,3,3,3,3,3,3,3,3,3,3,3,3,8,8,8,1,2,2,2,1,2,2,2,2,1,2,2,2,2,2,1,1,2,2,1,2,2,2,2,1,2,2,2,2,2,2,3,3,3,3,3,2,2,5,2,2,8,6,4,2,4,8,3,3,3,3,3,3,3,3,3,3,3,3,3,3,3,3,3,3,3,3,3,3,3,3,3,3,6,3,1,3,3,3,3,3,3,3,3,3,3,3,8,1,1,4,4,2,2,3,3,4,5,5,2,3,3,1,3,3,3,3,2,5,2,1,2,2,4,1,2,5,4,4,4,4,4,4,4,4,4,4,4,4,4,4,4,4,1,2,2,2,2,2,2,2,2,2,2,2,2,2,2,2,2,2,2,2,2,2,2,2,2,2,,,,,,,,,,,,,,,,,,,,,,,,,,,,,1,6,3,13,1,7,1,1,2,9,4,8,0,0,8,1
67,30,10,14.03,14.25,13622169600,1,2,1,3,,2,1,2,8,1,8,1,6,2,20,20,2,4,1,2,3,1,1,2,2,2,2,2,2,1,1,8,3,3,3,3,3,3,3,3,3,3,3,3,3,3,3,3,3,3,3,3,3,3,3,3,3,8,8,8,2,3,3,3,3,1,1,2,2,2,2,2,1,2,2,2,2,4,2,2,3,3,3,3,3,3,3,3,8,8,8,1,2,2,2,2,1,1,2,8,2,8,6,3,2,4,8,3,3,3,3,3,3,3,3,3,3,3,3,3,3,3,3,3,3,3,3,3,3,3,3,3,3,6,3,1,3,3,3,3,3,3,3,3,3,3,3,8,1,1,3,3,2,2,1,2,2,5,4,2,3,3,3,3,1,1,3,2,5,2,4,3,3,2,3,2,5,4,1,1,1,1,3,1,1,1,1,1,1,1,1,1,1,2,1,1,2,2,2,2,1,2,2,3,3,3,3,3,3,3,3,3,3,9,3,3,9,3,3,,,,,,,,,,,,,,,,,,,,,,,,,,,,,1,2,3,13,1,3,1,1,2,2,7,3,1,2,6,1
68,30,10,14.3,14.57,13622169600,1,2,1,,1,2,3,3,40,1,8,1,6,2,27,17,2,4,1,2,2,2,7,4,4,8,8,8,8,1,1,8,3,3,3,3,3,3,3,3,3,3,3,3,3,3,3,3,3,3,3,3,3,3,3,3,3,8,8,8,2,3,3,3,3,2,2,2,2,1,2,2,1,2,2,2,2,4,2,2,3,3,3,3,3,3,3,3,8,8,8,1,2,2,2,2,2,1,2,8,2,8,6,3,2,4,8,3,3,3,3,3,3,3,3,3,3,3,3,3,3,3,3,3,3,3,3,3,3,3,3,3,3,6,3,1,3,3,3,3,3,3,3,3,3,3,3,8,2,1,4,4,1,1,0,0,1,5,5,2,3,3,3,1,1,1,3,2,5,1,3,3,3,3,3,2,5,1,2,1,1,1,1,1,1,1,1,1,1,1,1,1,1,2,2,1,2,2,2,2,1,2,2,2,1,2,2,2,2,2,2,2,2,2,2,2,2,2,2,2,,,,,,,,,,,,,,,,,,,,,,,,,,,,1,2,3,15,1,8,6,1,2,3,1,5,0,0,5,1
69,30,10,15.05,15.17,13622169600,1,2,1,,,1,1,3,45,1,8,2,4,2,21,16,2,5,1,1,3,1,1,2,2,2,2,2,2,1,1,8,3,3,3,3,3,3,3,3,3,3,3,3,3,3,3,3,3,3,3,3,3,3,3,3,3,8,8,8,2,3,3,3,3,2,1,2,2,2,2,2,1,2,2,2,2,4,2,2,3,3,3,3,3,3,3,3,8,8,8,1,2,2,2,2,2,2,5,2,2,8,6,4,2,4,8,3,3,3,3,3,3,3,3,3,3,3,3,3,3,3,3,3,3,3,3,3,3,3,3,3,3,6,3,1,3,3,3,3,3,3,3,3,3,3,3,8,1,1,3,4,4,4,3,3,1,5,5,2,3,3,3,3,3,3,3,2,5,1,4,2,3,3,2,2,5,1,1,3,1,1,3,1,1,1,1,1,1,1,1,1,1,2,2,2,1,1,2,2,1,2,2,3,3,3,3,3,3,3,3,3,3,9,3,3,9,3,3,,,,,,,,,,,,,,,,,,,,,,,,,,,,,1,4,3,12,1,3,1,1,2,4,2,4,0,0,4,1
70,30,10,15.34,15.53,13622169600,1,2,1,6,,2,2,2,40,1,8,1,6,1,4,25,3,5,2,1,3,1,2,1,1,1,2,3,2,2,2,1,2,2,2,2,2,2,2,2,2,2,2,2,2,1,1,2,2,2,2,2,2,2,2,2,2,2,2,2,2,3,3,3,3,2,1,2,2,2,2,2,1,2,2,2,1,2,2,2,3,3,3,3,3,3,3,3,8,8,8,2,2,2,1,2,2,1,2,8,2,8,6,1,2,4,8,3,3,3,3,3,3,3,3,3,3,3,3,3,3,3,3,3,3,3,3,3,3,3,3,3,3,6,3,2,2,1,1,2,2,1,1,2,2,2,1,2,1,2,4,4,1,1,0,0,1,5,5,2,3,3,1,3,1,1,3,1,3,1,4,3,3,3,3,2,5,2,2,1,3,1,3,1,4,1,1,1,1,1,1,1,1,2,1,2,2,2,2,2,1,2,2,3,3,3,3,3,3,3,3,3,3,9,3,3,9,3,3,,,,,,,,,,,,,,,,,,,,,,,,,,,,,2,2,3,11,1,2,1,1,2,4,2,2,2,0,4,1
71,30,10,16.05,15.25,13622169600,1,2,1,,1,2,2,2,18,1,8,1,6,2,20,20,2,5,1,2,1,1,1,2,2,2,2,2,2,2,2,1,2,2,2,2,2,2,2,2,2,2,2,2,2,1,2,2,2,2,2,2,2,2,2,2,2,2,2,1,2,3,3,3,3,2,1,2,1,2,2,2,2,2,2,1,2,4,2,2,3,3,3,3,3,3,3,3,8,8,8,2,1,2,2,2,2,1,2,8,1,1,6,5,2,4,8,3,3,3,3,3,3,3,3,3,3,3,3,3,3,3,3,3,3,3,3,3,3,3,3,3,3,6,3,2,2,1,2,2,2,2,1,2,2,2,2,2,2,1,2,4,4,4,3,3,4,5,5,2,3,3,3,3,3,3,3,1,4,2,4,3,2,2,3,2,5,1,1,1,1,1,1,1,1,1,1,1,1,1,1,1,1,2,2,1,1,2,2,2,2,2,1,2,1,2,2,2,2,2,2,2,2,2,2,2,2,2,2,2,,,,,,,,,,,,,,,,,,,,,,,,,,,,1,3,3,15,1,9,1,1,2,3,10,3,1,0,4,1
72,30,10,16.45,17,13622169600,1,2,1,,1,2,2,2,56,1,8,1,6,1,3,26,2,5,3,1,3,1,2,1,1,3,1,3,2,1,1,8,3,3,3,3,3,3,3,3,3,3,3,3,3,3,3,3,3,3,3,3,3,3,3,3,3,8,8,8,2,3,3,3,3,2,1,2,2,2,2,2,1,2,2,2,2,4,2,2,3,3,3,3,3,3,3,3,8,8,8,2,2,1,2,2,2,2,5,2,2,8,6,4,2,4,8,3,3,3,3,3,3,3,3,3,3,3,3,3,3,3,3,3,3,3,3,3,3,3,3,3,3,6,3,1,3,3,3,3,3,3,3,3,3,3,3,8,1,1,3,4,4,3,2,2,2,5,5,2,3,3,3,3,3,3,3,2,5,1,4,3,3,1,2,2,5,3,3,3,2,,2,3,3,1,1,1,1,1,1,1,1,2,1,2,2,2,2,2,2,2,2,2,1,2,2,2,2,2,2,2,2,2,2,2,2,2,2,2,,,,,,,,,,,,,,,,,,,,,,,,,,,,2,3,3,12,1,3,1,1,2,4,1,4,1,1,6,1
73,30,10,17.03,17.25,13622169600,1,2,1,,1,2,1,2,18,1,8,1,6,2,20,20,2,5,1,2,2,2,6,2,2,2,2,2,2,2,1,8,3,3,3,3,3,3,3,3,3,3,3,3,3,3,3,3,3,3,3,3,3,3,3,3,3,8,8,8,2,3,3,3,3,2,1,2,2,2,2,2,1,2,2,2,2,4,2,2,3,3,3,3,3,3,3,3,8,8,8,2,2,2,1,2,2,2,5,2,1,1,6,5,2,4,8,3,3,3,3,3,3,3,3,3,3,3,3,3,3,3,3,3,3,3,3,3,3,3,3,3,3,6,3,1,3,3,3,3,3,3,3,3,3,3,3,8,1,1,3,1,1,1,0,0,1,5,4,2,2,3,3,3,3,3,2,2,5,2,4,3,3,3,4,2,5,1,1,1,1,1,1,1,1,1,1,1,1,1,1,1,1,2,2,1,1,2,2,1,2,2,3,3,3,3,3,3,3,3,3,3,3,9,3,3,9,3,3,,,,,,,,,,,,,,,,,,,,,,,,,,,,,1,5,3,15,1,9,1,1,2,3,2,5,0,0,5,1
74,30,10,17.35,18,13622169600,1,2,1,6,,2,1,2,25,1,8,1,6,1,10,12,4,5,3,2,2,2,7,4,4,8,8,8,8,2,1,8,3,3,3,3,3,3,3,3,3,3,3,3,3,3,3,3,3,3,3,3,3,3,3,3,3,8,8,8,2,3,3,3,3,2,1,2,2,2,2,2,1,2,2,2,2,4,2,2,3,3,3,3,3,3,3,3,8,8,8,2,2,1,2,2,3,1,2,8,2,8,6,4,2,4,8,3,3,3,3,3,3,3,3,3,3,3,3,3,3,3,3,3,3,3,3,3,3,3,3,3,3,6,3,1,3,3,3,3,3,3,3,3,3,3,3,8,1,1,4,4,4,3,3,3,4,5,5,2,3,3,3,3,3,3,3,2,5,1,3,3,3,3,3,2,5,1,1,1,1,1,1,1,1,1,1,1,1,1,1,1,1,2,1,1,2,2,2,2,1,2,2,3,3,3,3,3,3,3,3,3,3,9,3,3,9,3,3,,,,,,,,,,,,,,,,,,,,,,,,,,,,,1,5,3,15,1,7,1,1,2,1,1,1,0,0,1,1
75,30,10,15.13,15.45,13622256000,1,2,3,,,4,4,8,20,2,2,1,6,1,7,7,2,5,3,2,3,2,7,4,4,8,8,8,8,1,1,8,3,3,3,3,3,3,3,3,3,3,3,3,3,3,3,3,3,3,3,3,3,3,3,3,3,8,8,8,2,3,3,3,3,2,1,2,2,2,2,2,1,2,2,2,2,4,2,2,3,3,3,3,3,3,3,3,8,8,8,2,2,2,2,1,2,2,5,1,2,8,6,4,2,4,8,3,3,3,3,3,3,3,3,3,3,3,3,3,3,3,3,3,3,3,3,3,3,3,3,3,3,6,3,1,3,3,3,3,3,3,3,3,3,3,3,8,1,1,4,1,1,1,0,0,1,3,5,2,3,3,2,2,1,1,2,1,4,1,4,3,3,3,3,2,5,3,3,3,1,1,3,1,1,1,1,1,1,1,1,1,1,2,1,2,1,2,2,2,1,2,2,2,1,2,2,2,2,2,2,2,2,2,2,2,2,2,2,2,,,,,,,,,,,,,,,,,,,,,,,,,,,,1,2,3,11,1,2,6,1,2,2,1,2,0,0,2,1
76,30,10,15.55,16.27,13622256000,1,2,1,6,,2,2,2,40,1,8,1,6,1,7,7,3,5,2,1,3,1,2,1,1,1,1,3,2,2,2,2,3,3,3,3,3,3,3,3,3,3,3,3,3,3,1,2,2,2,2,2,2,2,2,2,2,2,2,2,2,3,3,3,3,1,1,2,2,2,2,2,1,2,2,2,2,4,2,2,3,3,3,3,3,3,3,3,8,8,8,1,2,2,2,2,2,2,5,2,2,8,6,4,2,4,8,3,3,3,3,3,3,3,3,3,3,3,3,3,3,3,3,3,3,3,3,3,3,3,3,3,3,6,3,2,2,2,1,2,2,2,1,2,2,2,2,2,1,1,4,1,1,1,0,0,1,3,4,2,3,3,3,3,3,3,3,2,5,1,4,3,3,3,3,2,5,2,2,1,3,3,3,1,1,1,1,1,1,1,1,1,1,2,1,2,1,2,2,2,1,2,2,1,1,2,2,1,1,2,2,2,2,2,2,2,2,2,2,1,2,1,1,1,2,2,2,2,2,2,2,8,8,8,8,8,2,2,2,2,2,2,1,2,2,2,2,2,1,3,11,1,2,1,1,2,3,1,5,1,0,6,1
77,30,10,16.35,17.07,13622256000,1,2,3,,,4,4,8,30,2,2,1,6,1,3,25,2,1,3,2,2,2,7,4,4,8,8,8,8,2,1,8,3,3,3,3,3,3,3,3,3,3,3,3,3,3,3,3,3,3,3,3,3,3,3,3,3,8,8,8,2,3,3,3,3,2,2,2,2,1,2,2,1,2,2,2,2,4,2,2,3,3,3,3,3,3,3,3,8,8,8,2,2,2,2,1,2,2,5,2,2,8,6,4,2,4,8,3,3,3,3,3,3,3,3,3,3,3,3,3,3,3,3,3,3,3,3,3,3,3,3,3,3,6,3,1,3,3,3,3,3,3,3,3,3,3,3,8,1,1,4,2,1,1,0,0,1,5,5,2,3,3,3,3,3,3,3,1,1,2,3,3,3,3,4,2,5,1,1,1,1,1,1,1,1,1,1,1,1,1,1,1,1,2,2,1,1,2,2,2,1,2,3,3,3,3,3,3,3,3,3,3,3,9,3,3,9,3,3,,,,,,,,,,,,,,,,,,,,,,,,,,,,,1,6,3,13,1,7,5,1,2,2,1,4,1,0,5,1
78,30,10,17.2,17.5,13622256000,1,2,3,,,4,4,8,19,1,2,1,6,2,20,26,2,5,1,2,2,2,7,4,4,8,8,8,8,2,2,2,2,2,2,2,2,2,1,1,2,2,2,2,2,2,2,2,2,2,1,2,2,2,2,2,2,2,2,2,2,3,3,3,3,2,1,2,2,2,2,2,1,2,2,2,2,4,2,2,3,3,3,3,3,3,3,3,8,8,8,1,2,2,2,2,2,2,5,1,2,8,6,3,3,4,8,3,3,3,3,3,3,3,3,3,3,3,3,3,3,3,3,3,3,3,3,3,3,3,3,3,3,6,3,1,3,3,3,3,3,3,3,3,3,3,3,8,1,1,3,3,3,3,2,2,3,5,5,2,3,3,2,3,1,3,2,1,4,1,3,3,3,3,3,2,5,3,3,1,1,1,1,1,1,1,1,1,1,1,1,1,1,2,2,1,2,2,2,2,1,2,2,2,2,2,2,2,2,2,2,2,2,2,2,2,2,2,2,,,,,,,,,,,,,,,,,,,,,,,,,,,,,1,4,3,10,1,2,1,1,2,1,2,3,0,0,3,1
79,30,10,13.03,13.24,13622342400,1,2,1,,,1,1,2,18,1,8,1,6,1,20,20,2,5,1,2,2,1,2,2,2,2,2,2,2,1,2,2,3,3,3,3,3,3,3,3,3,3,3,3,3,3,1,2,2,2,2,2,2,2,2,2,2,2,2,2,2,3,3,3,3,1,2,2,2,2,2,2,1,2,2,2,2,4,2,2,3,3,3,3,3,3,3,3,8,8,8,2,2,2,2,1,2,2,5,2,2,8,6,1,2,4,8,3,3,3,3,3,3,3,3,3,3,3,3,3,3,3,3,3,3,3,3,3,3,3,3,3,3,6,3,1,3,3,3,3,3,3,3,3,3,3,3,8,1,2,3,2,4,4,3,3,4,5,5,1,2,3,3,3,1,3,3,2,5,1,4,3,3,3,3,2,5,3,2,2,2,1,1,1,1,1,1,1,1,1,1,3,1,2,1,2,2,2,2,2,2,2,1,2,1,2,2,2,2,2,2,2,2,2,2,2,2,1,2,2,,,,,,,,,,,,,,,,,,,,,,,,,,,,1,2,3,16,1,8,6,1,2,2,1,4,0,0,4,1
80,30,10,13.35,13.58,13622342400,1,1,1,5,,2,2,2,72,1,8,1,6,2,21,21,2,5,3,1,2,2,7,4,4,8,8,8,8,2,2,2,3,3,3,3,3,3,3,3,3,3,3,3,3,3,2,2,2,2,2,2,2,2,2,2,2,2,2,1,2,3,3,3,3,2,1,2,2,2,2,2,2,2,2,1,2,4,1,2,3,3,3,3,3,3,3,3,8,8,8,2,2,2,2,1,2,2,5,1,1,1,6,5,2,4,8,3,3,3,3,3,3,3,3,3,3,3,3,3,3,3,3,3,3,3,3,3,3,3,3,3,3,6,3,1,3,3,3,3,3,3,3,3,3,3,3,8,1,1,3,3,4,4,3,3,4,5,5,2,2,3,2,3,3,2,3,2,5,2,4,3,3,3,3,2,5,3,2,3,3,3,,1,3,1,1,1,1,1,1,1,1,2,2,1,2,1,2,2,2,2,2,1,1,1,2,1,2,1,2,2,2,2,2,2,2,2,2,2,,,,,,,,,,,,,,,,,,,,,,,,,,,,1,4,3,17,1,10,1,1,2,4,2,2,0,1,3,1
81,30,10,14.04,14.32,13622342400,1,2,1,,1,2,2,1,40,1,8,1,6,2,20,17,2,6,1,2,3,1,2,2,2,1,2,3,2,2,1,8,3,3,3,3,3,3,3,3,3,3,3,3,3,3,3,3,3,3,3,3,3,3,3,3,3,8,8,8,2,3,3,3,3,2,1,2,2,2,2,2,1,2,2,2,1,3,3,3,3,3,3,3,3,3,3,3,8,8,8,3,3,3,3,3,2,1,2,8,1,2,1,5,2,4,8,3,3,3,3,3,3,3,3,3,3,3,3,3,3,3,3,3,3,3,3,3,3,3,3,3,3,6,3,1,3,3,3,3,3,3,3,3,3,3,3,8,3,1,4,4,4,4,3,3,4,5,5,2,3,3,3,3,3,3,3,2,5,1,3,3,3,3,4,2,5,1,2,3,1,1,1,1,1,1,1,1,3,1,1,1,1,2,1,2,2,2,2,2,2,2,2,2,1,2,2,2,2,2,2,2,2,2,2,2,2,2,2,2,,,,,,,,,,,,,,,,,,,,,,,,,,,,2,4,3,13,1,3,1,1,2,3,6,4,1,0,5,1
82,30,10,14.35,15.08,13622342400,1,2,3,,,4,4,8,20,1,8,1,6,2,10,26,4,5,1,1,2,2,7,4,4,8,8,8,8,1,1,8,3,3,3,3,3,3,3,3,3,3,3,3,3,3,3,3,3,3,3,3,3,3,3,3,3,8,8,8,2,3,3,3,3,2,2,2,2,1,2,2,1,2,2,2,2,4,2,2,3,3,3,3,3,3,3,3,8,8,8,1,2,2,2,2,2,2,5,2,2,8,6,4,2,4,8,3,3,3,3,3,3,3,3,3,3,3,3,3,3,3,3,3,3,3,3,3,3,3,3,3,3,6,3,1,3,3,3,3,3,3,3,3,3,3,3,8,1,1,3,3,4,3,3,2,4,5,5,2,2,3,3,3,1,3,3,2,5,1,4,3,3,3,1,2,5,3,3,3,1,1,1,1,1,1,1,1,1,1,1,1,1,2,2,1,2,2,2,2,2,2,2,2,1,2,2,2,2,2,2,2,2,2,2,2,2,2,2,2,,,,,,,,,,,,,,,,,,,,,,,,,,,,1,6,3,10,1,2,5,1,2,2,1,1,0,0,1,1
83,30,10,15.41,16.11,13622342400,1,1,1,,1,2,1,3,40,1,8,1,6,2,20,20,2,2,1,2,2,2,7,4,4,8,8,8,8,2,1,8,3,3,3,3,3,3,3,3,3,3,3,3,3,3,3,3,3,3,3,3,3,3,3,3,3,8,8,8,2,3,3,3,3,1,1,2,2,2,2,2,2,2,1,2,2,4,2,2,3,3,3,3,3,3,3,3,8,8,8,2,2,2,2,1,2,1,4,8,1,1,6,5,2,4,8,3,3,3,3,3,3,3,3,3,3,3,3,3,3,3,3,3,3,3,3,3,3,3,3,3,3,6,3,1,3,3,3,3,3,3,3,3,3,3,3,8,1,1,3,1,1,1,0,0,1,5,4,2,3,3,3,3,3,1,3,2,5,1,3,2,3,3,2,2,5,2,2,2,1,1,2,1,1,4,1,1,1,1,4,4,4,2,1,1,2,1,2,2,2,2,2,2,2,2,2,2,2,2,2,2,2,2,2,2,2,2,2,,,,,,,,,,,,,,,,,,,,,,,,,,,,,1,4,3,25,1,10,5,1,2,4,1,4,1,0,5,1
84,30,10,16.17,16.44,13622342400,1,2,3,,,4,4,8,50,1,8,1,6,1,6,25,3,3,2,1,3,2,7,4,4,8,8,3,8,1,2,2,3,3,3,3,3,3,3,3,3,3,3,3,3,3,2,2,2,1,2,2,2,2,2,2,2,2,2,2,1,2,2,1,2,2,1,2,2,2,2,2,1,2,2,2,2,4,2,2,3,3,3,3,3,3,3,3,8,8,8,2,2,2,2,1,2,1,2,8,2,8,6,3,2,4,8,3,3,3,3,3,3,3,3,3,3,3,3,3,3,3,3,3,3,3,3,3,3,3,3,3,3,6,3,1,3,3,3,3,3,3,3,3,3,3,3,8,1,1,3,2,1,1,0,0,1,5,5,2,2,3,3,3,3,3,3,1,3,1,3,3,3,3,3,2,5,3,3,3,3,1,1,1,1,1,1,1,1,1,1,1,1,2,1,2,2,2,2,2,2,2,2,2,1,1,1,2,2,2,2,2,2,2,2,2,2,2,2,2,,,,,,,,,,,,,,,,,,,,,,,,,,,,2,4,3,12,1,3,1,1,2,3,2,4,0,0,4,1
85,30,10,16.51,17.15,13622342400,1,2,3,,,4,4,8,22,1,8,2,4,1,7,7,2,5,3,2,3,1,2,2,2,2,2,2,2,1,2,2,3,3,3,3,3,3,3,3,3,3,3,3,3,3,1,2,2,2,2,2,2,2,2,2,2,2,2,2,2,3,3,3,3,2,1,2,2,2,2,2,1,2,2,2,2,4,2,2,3,3,3,3,3,3,3,3,8,8,8,2,2,2,1,2,2,1,3,8,2,8,6,4,2,4,8,3,3,3,3,3,3,3,3,3,3,3,3,3,3,3,3,3,3,3,3,3,3,3,3,3,3,6,3,1,3,3,3,3,3,3,3,3,3,3,3,8,1,1,3,4,4,4,3,3,1,5,5,2,3,3,3,3,3,3,3,1,4,2,4,3,3,3,3,2,5,1,1,1,1,1,1,1,1,1,1,1,1,1,1,1,1,2,2,1,1,2,2,2,1,2,2,2,1,2,2,2,2,2,2,2,2,2,2,2,2,2,2,2,,,,,,,,,,,,,,,,,,,,,,,,,,,,1,3,3,11,1,2,1,1,2,2,5,3,1,0,4,1
86,30,10,17.25,17.37,13622342400,1,2,3,,,4,4,8,25,1,8,1,6,1,7,7,4,4,3,1,3,2,7,4,4,8,8,3,8,1,1,8,3,3,3,3,3,3,3,3,3,3,3,3,3,3,3,3,3,3,3,3,3,3,3,3,3,8,8,8,1,2,2,1,2,1,1,2,2,2,2,2,1,2,2,2,2,4,2,2,3,3,3,3,3,3,3,3,8,8,8,2,2,2,2,1,2,2,5,1,2,8,6,3,2,4,8,3,3,3,3,3,3,3,3,3,3,3,3,3,3,3,3,3,3,3,3,3,3,3,3,3,3,6,3,1,3,3,3,3,3,3,3,3,3,3,3,8,1,1,3,1,1,3,1,1,2,5,5,2,2,3,3,3,3,3,3,1,3,1,3,3,3,3,4,2,5,3,2,3,3,1,3,1,1,1,1,1,1,1,1,3,1,2,1,2,2,2,2,2,2,2,2,1,1,2,1,1,1,2,2,2,2,2,2,2,2,1,2,2,,,,,,,,,,,,,,,,,,,,,,,,,,,,2,2,3,11,1,2,6,1,2,3,1,4,1,0,5,1
87,30,10,18.12,18.31,13622342400,1,2,1,,1,2,2,3,15,2,1,1,6,2,20,20,2,4,1,2,2,1,3,1,2,1,2,2,2,1,2,2,3,3,3,3,3,3,3,3,3,3,3,3,3,3,1,2,2,2,2,2,2,2,2,2,2,2,2,2,1,2,2,1,2,2,2,2,2,1,2,2,1,2,2,2,2,4,2,2,3,3,3,3,3,3,3,3,8,8,8,2,2,2,2,1,1,1,4,8,1,1,6,5,2,4,8,3,3,3,3,3,3,3,3,3,3,3,3,3,3,3,3,3,3,3,3,3,3,3,3,3,3,6,3,1,3,3,3,3,3,3,3,3,3,3,3,8,2,1,3,1,1,1,0,0,1,5,5,2,3,3,3,3,3,3,3,1,1,2,3,3,1,3,3,2,5,3,2,2,3,3,2,4,1,1,1,1,1,1,1,1,1,2,1,2,2,1,2,2,2,2,2,1,1,1,2,2,2,2,2,2,2,2,2,2,2,2,2,2,,,,,,,,,,,,,,,,,,,,,,,,,,,,1,2,3,16,1,9,1,1,2,3,2,2,1,0,3,1
88,30,10,18.38,18.56,13622342400,1,2,1,,,4,1,2,40,1,8,1,6,2,10,24,2,2,3,1,3,1,2,1,1,2,2,2,2,2,1,8,3,3,3,3,3,3,3,3,3,3,3,3,3,3,3,3,3,3,3,3,3,3,3,3,3,8,8,8,2,3,3,3,3,2,2,2,2,1,1,2,2,2,2,2,1,1,3,3,3,3,3,3,3,3,3,3,8,8,8,3,3,3,3,3,1,1,1,8,2,8,6,3,2,4,8,3,3,3,3,3,3,3,3,3,3,3,3,3,3,3,3,3,3,3,3,3,3,3,3,3,3,6,3,1,3,3,3,3,3,3,3,3,3,3,3,8,2,1,3,4,4,4,3,3,4,5,5,2,2,2,3,3,3,3,3,2,5,2,4,3,3,3,3,2,5,4,4,4,4,4,4,4,4,4,4,4,4,4,4,4,4,1,2,2,2,2,2,2,2,2,2,2,2,2,2,2,2,2,2,2,2,2,2,2,2,2,2,,,,,,,,,,,,,,,,,,,,,,,,,,,,,1,3,3,16,1,8,4,1,2,4,1,2,0,0,2,1
89,30,10,19,19.19,13622342400,1,2,1,,1,2,1,2,48,1,8,1,6,2,30,19,3,5,3,1,3,1,1,1,2,1,2,3,2,2,1,8,3,3,3,3,3,3,3,3,3,3,3,3,3,3,3,3,3,3,3,3,3,3,3,3,3,8,8,8,1,2,1,2,2,2,1,2,2,2,2,2,1,2,2,2,2,4,2,2,3,3,3,3,3,3,3,3,8,8,8,2,2,2,2,1,1,1,2,8,1,1,6,5,2,4,8,3,3,3,3,3,3,3,3,3,3,3,3,3,3,3,3,3,3,3,3,3,3,3,3,3,3,6,3,2,2,1,1,2,2,2,1,1,1,1,2,2,4,1,2,4,4,4,3,0,1,5,5,2,3,3,3,3,3,3,3,1,1,1,1,4,3,3,2,2,5,1,2,1,1,1,3,1,3,1,1,1,3,1,1,3,1,2,1,2,2,2,2,2,2,2,1,2,2,1,2,2,2,2,2,2,2,2,2,2,2,2,2,2,,,,,,,,,,,,,,,,,,,,,,,,,,,,2,1,3,14,1,5,6,1,2,4,1,4,0,0,4,1
90,30,10,19.27,19.46,13622342400,1,2,3,,,4,4,8,40,1,8,1,6,3,29,17,2,5,2,1,3,2,7,4,4,8,8,8,8,1,1,8,3,3,3,3,3,3,3,3,3,3,3,3,3,3,3,3,3,3,3,3,3,3,3,3,3,8,8,8,2,3,3,3,3,1,2,2,2,2,2,2,1,2,2,2,2,4,1,1,2,2,2,2,2,2,2,2,2,2,1,3,3,3,3,3,2,2,5,2,1,1,6,5,2,4,8,3,3,3,3,3,3,3,3,3,3,3,3,3,3,3,3,3,3,3,3,3,3,3,3,3,3,6,3,1,3,3,3,3,3,3,3,3,3,3,3,8,2,1,4,2,3,3,2,2,3,5,5,2,3,3,3,3,3,3,3,2,5,1,3,3,3,3,3,2,5,4,4,4,1,1,1,1,1,1,1,1,1,1,1,1,1,2,1,2,2,2,2,2,2,2,2,2,2,2,2,2,2,2,2,2,2,2,2,2,2,2,2,,,,,,,,,,,,,,,,,,,,,,,,,,,,,1,2,3,16,1,8,1,1,2,2,11,2,0,0,2,1
91,30,10,19.55,20.15,13622342400,1,2,1,,,1,1,2,45,1,8,1,6,2,20,24,5,5,3,1,3,1,2,2,2,2,2,3,2,1,2,2,3,3,3,3,3,3,3,3,3,3,3,3,3,3,1,2,2,2,2,2,2,2,2,2,2,2,2,2,2,3,3,3,3,2,1,2,2,2,2,2,1,2,2,2,1,2,3,3,3,3,3,3,3,3,3,3,8,8,8,3,3,3,3,3,1,1,3,8,1,1,6,5,2,4,8,3,3,3,3,3,3,3,3,3,3,3,3,3,3,3,3,3,3,3,3,3,3,3,3,3,3,6,3,2,2,2,1,2,2,2,2,2,2,1,2,2,2,1,3,3,1,1,0,0,1,5,5,2,3,3,3,3,3,3,3,2,5,1,3,4,3,3,3,2,5,3,3,3,1,1,1,3,1,1,1,1,3,1,1,3,4,2,1,2,2,1,2,2,2,2,1,2,2,2,2,2,2,2,2,2,2,2,2,2,2,2,2,,,,,,,,,,,,,,,,,,,,,,,,,,,,,2,4,3,15,1,7,1,1,2,10,5,2,1,0,3,1
92,30,10,20.23,20.4,13622342400,1,2,1,,1,2,1,3,30,1,8,1,6,1,23,23,2,5,3,2,3,1,2,1,1,1,2,2,2,2,2,2,3,3,3,3,3,3,3,3,3,3,3,3,3,3,1,2,2,2,2,2,2,2,2,2,2,2,2,2,1,2,2,2,1,1,1,2,2,2,2,1,2,2,2,2,2,4,2,2,3,3,3,3,3,3,3,3,8,8,8,2,1,2,2,2,1,1,2,8,1,1,6,5,2,4,8,3,3,3,3,3,3,3,3,3,3,3,3,3,3,3,3,3,3,3,3,3,3,3,3,3,3,6,3,1,3,3,3,3,3,3,3,3,3,3,3,8,2,1,3,2,2,2,1,1,2,5,5,1,2,3,3,3,3,3,3,2,5,2,4,3,3,3,3,2,5,1,1,1,1,1,1,1,1,1,1,1,1,1,1,1,1,2,2,1,1,2,2,2,1,2,1,2,2,2,2,2,2,2,2,2,2,2,2,2,2,2,2,,,,,,,,,,,,,,,,,,,,,,,,,,,,,1,1,3,13,1,3,1,1,2,3,3,2,1,1,4,1
93,30,10,20.17,20.4,13622342400,1,2,3,,,4,4,8,30,1,8,1,6,1,7,7,2,5,3,1,2,2,7,4,4,8,8,3,8,1,2,2,3,3,3,3,3,3,3,3,3,3,3,3,3,3,1,2,2,2,2,2,2,2,2,2,2,2,2,2,2,3,3,3,3,2,1,2,2,2,2,2,1,2,2,2,2,4,2,2,3,3,3,3,3,3,3,3,8,8,8,2,2,1,2,2,2,2,5,2,2,8,6,3,1,1,2,2,3,3,3,3,3,3,3,3,3,3,3,3,3,2,2,2,2,2,2,2,2,2,1,2,2,2,3,1,3,3,3,3,3,3,3,3,3,3,3,8,1,1,3,1,1,1,0,0,1,5,5,2,2,3,3,3,1,3,3,1,2,1,3,3,3,3,3,2,5,2,3,3,3,1,3,3,3,1,1,1,3,1,1,3,1,2,1,1,2,2,2,2,2,2,2,2,2,2,2,2,2,2,2,2,2,2,2,2,2,2,2,,,,,,,,,,,,,,,,,,,,,,,,,,,,,2,2,3,15,1,8,1,1,2,3,2,2,1,0,3,1
94,30,10,20.5,21.17,13622342400,1,2,3,,,4,4,8,40,1,8,1,6,1,10,25,2,4,3,2,3,2,7,4,4,8,8,8,8,1,2,2,3,3,3,3,3,3,3,3,3,3,3,3,3,3,1,2,2,2,2,2,2,2,2,2,2,2,2,2,1,2,2,1,2,2,1,2,2,2,2,2,1,2,2,2,2,4,2,2,3,3,3,3,3,3,3,3,8,8,8,2,2,1,2,2,2,1,3,2,2,8,6,4,2,4,8,3,3,3,3,3,3,3,3,3,3,3,3,3,3,3,3,3,3,3,3,3,3,3,3,3,3,6,3,1,3,3,3,3,3,3,3,3,3,3,3,8,1,3,3,4,2,1,0,0,1,5,5,2,3,3,3,3,3,3,3,1,1,2,4,3,3,3,2,2,5,1,1,1,1,1,1,1,1,1,1,1,1,1,1,1,1,2,2,2,2,2,2,2,1,2,2,3,3,3,3,3,3,3,3,3,3,9,3,3,9,3,3,,,,,,,,,,,,,,,,,,,,,,,,,,,,,1,1,3,15,1,8,1,1,2,3,5,3,1,1,5,1
95,10,3,18.25,18,13622342400,1,2,3,,,4,4,8,49,1,8,1,1,1,28,28,2,4,3,3,3,2,7,4,4,8,8,8,8,3,1,8,3,3,3,3,3,3,3,3,3,3,3,3,3,3,3,3,3,3,3,3,3,3,3,3,3,8,8,8,2,3,3,3,3,2,2,2,2,1,2,2,2,2,2,1,2,4,2,2,3,3,3,3,3,3,3,3,8,8,8,2,2,1,2,2,1,2,5,2,1,1,6,5,2,4,8,3,3,3,3,3,3,3,3,3,3,3,3,3,3,3,3,3,3,3,3,3,3,3,3,3,3,6,3,1,3,3,3,3,3,3,3,3,3,3,3,8,1,4,3,3,4,4,3,3,4,5,5,2,3,3,3,3,3,3,3,1,4,1,2,2,2,2,2,2,5,1,2,3,1,1,3,1,1,1,1,1,1,1,1,1,1,2,1,2,2,2,2,2,2,2,3,3,3,3,3,3,3,3,3,3,3,9,3,3,9,3,3,,,,,,,,,,,,,,,,,,,,,,,,,,,,,1,3,1,15,1,11,1,1,2,7,10,5,0,0,0,1
96,10,3,19.05,19.3,13622342400,1,1,3,,,4,4,8,84,1,8,1,1,1,7,7,2,4,3,2,3,2,7,4,4,8,8,8,8,1,2,1,2,2,2,1,2,2,2,2,2,2,2,2,2,2,2,2,2,2,2,2,2,2,1,2,2,2,2,2,1,2,2,1,2,2,1,2,1,2,2,2,1,2,2,2,2,4,2,2,3,3,3,3,3,3,3,3,8,8,8,2,2,2,2,1,3,1,3,8,2,8,6,3,2,4,8,3,3,3,3,3,3,3,3,3,3,3,3,3,3,3,3,3,3,3,3,3,3,3,3,3,3,6,3,1,3,3,3,3,3,3,3,3,3,3,3,8,1,1,3,4,1,1,0,0,1,5,5,1,3,1,3,3,1,3,3,2,5,9,2,2,2,2,2,2,5,1,2,1,1,1,1,1,1,1,1,1,1,1,1,2,3,2,1,2,2,2,2,2,2,2,2,2,1,2,2,2,2,2,2,2,2,2,2,2,2,2,2,2,,,,,,,,,,,,,,,,,,,,,,,,,,,,1,3,1,15,1,11,1,1,2,3,8,2,2,0,4,2
97,10,3,19.35,19.55,13622342400,1,2,1,,,1,3,3,50,1,8,1,2,2,19,20,3,1,3,1,3,1,3,1,1,1,2,3,1,2,1,8,3,3,3,3,3,3,3,3,3,3,3,3,3,3,3,3,3,3,3,3,3,3,3,3,3,8,8,8,1,2,2,2,1,1,1,1,2,2,2,2,1,2,2,2,1,3,1,2,3,3,3,3,3,3,3,3,8,8,8,2,2,1,2,2,1,1,2,2,1,1,6,5,2,4,8,3,3,3,3,3,3,3,3,3,3,3,3,3,3,3,3,3,3,3,3,3,3,3,3,3,3,6,3,1,3,3,3,3,3,3,3,3,3,3,3,8,2,1,2,2,2,2,1,1,2,5,5,2,3,3,3,3,3,3,3,1,4,1,4,2,3,2,2,2,5,1,2,3,1,1,3,1,1,1,1,1,1,1,1,3,1,1,2,2,2,2,2,2,2,2,2,2,1,1,2,2,2,2,2,2,2,2,2,2,2,2,2,2,,,,,,,,,,,,,,,,,,,,,,,,,,,,2,2,1,14,1,3,1,1,2,5,2,2,0,1,3,2
98,10,3,20.05,20.3,13622342400,1,2,3,,,4,4,8,48,1,8,1,6,1,7,7,2,4,1,2,3,2,7,4,4,8,8,8,8,1,2,2,3,3,3,3,3,3,3,3,3,3,3,3,3,3,2,2,2,2,2,2,2,2,2,2,2,2,2,1,1,2,2,1,2,1,2,2,2,2,2,2,1,2,2,2,2,4,1,2,3,3,3,3,3,3,3,3,8,8,8,1,2,2,2,2,1,2,5,2,1,1,6,5,2,4,8,3,3,3,3,3,3,3,3,3,3,3,3,3,3,3,3,3,3,3,3,3,3,3,3,3,3,6,3,1,3,3,3,3,3,3,3,3,3,3,3,8,1,3,3,3,4,4,3,3,4,5,5,1,2,1,3,2,3,3,2,1,4,1,4,2,2,3,2,2,5,1,1,1,1,1,1,1,1,1,1,1,1,1,1,1,1,2,1,2,2,2,2,2,2,2,2,2,2,2,2,2,2,2,2,2,2,2,2,2,2,1,1,1,1,1,2,2,2,1,2,2,2,2,,2,2,2,1,2,2,1,2,2,2,2,2,2,2,2,2,1,1,1,16,1,4,6,1,2,2,1,4,1,0,5,1
99,10,3,20.35,21.05,13622342400,1,2,1,,1,2,1,2,40,1,8,1,6,4,8,16,4,4,2,1,2,2,7,4,4,8,8,3,8,1,1,8,3,3,3,3,3,3,3,3,3,3,3,3,3,3,3,3,3,3,3,3,3,3,3,3,3,8,8,8,1,2,2,1,2,1,1,2,2,2,2,2,1,2,2,2,2,4,2,2,3,3,3,3,3,3,3,3,8,8,8,2,2,2,2,1,1,1,2,2,2,8,6,2,1,4,8,3,3,3,3,3,3,3,3,3,3,3,3,3,3,3,3,3,3,3,3,3,3,3,3,3,3,6,3,2,2,1,2,2,2,2,2,2,2,2,2,2,4,1,4,4,4,4,3,3,4,2,2,2,3,3,3,3,3,3,3,1,4,1,3,2,2,2,2,2,5,3,2,1,1,1,3,1,1,1,1,1,1,1,1,2,1,2,1,2,2,2,2,2,2,2,2,2,1,2,2,2,2,2,2,2,2,2,2,2,2,2,1,2,,,,,,,,,,,,,,,,,,,,,,,,,,,,2,4,1,15,1,11,1,1,2,6,2,3,3,0,6,1
100,10,3,18.4,19.1,13622601600,1,2,1,,1,2,1,2,48,1,8,1,6,4,10,8,3,4,3,1,3,1,2,2,2,2,2,3,2,2,1,8,3,3,3,3,3,3,3,3,3,3,3,3,3,3,3,3,3,3,3,3,3,3,3,3,3,8,8,8,1,2,2,1,2,1,2,2,2,2,2,1,2,2,2,2,1,2,3,3,3,3,3,3,3,3,3,3,8,8,8,3,3,3,3,3,1,2,5,2,1,1,6,5,2,4,8,3,3,3,3,3,3,3,3,3,3,3,3,3,3,3,3,3,3,3,3,3,3,3,3,3,3,6,3,1,3,3,3,3,3,3,3,3,3,3,3,8,1,1,3,4,4,4,3,3,4,4,4,2,3,3,3,3,3,3,3,1,1,1,3,2,3,2,2,2,2,1,3,1,1,1,1,3,1,3,1,1,1,1,1,2,1,2,1,2,2,2,2,2,2,2,2,2,1,2,2,2,2,2,2,2,2,2,2,2,2,2,2,2,,,,,,,,,,,,,,,,,,,,,,,,,,,,2,2,1,16,1,11,4,1,2,4,1,4,0,0,4,1
101,10,3,19.15,19.4,13622601600,1,1,1,6,,2,1,2,70,1,8,1,6,1,7,7,2,4,3,3,2,1,1,1,1,1,1,2,2,2,2,2,3,3,3,3,3,3,3,3,3,3,3,3,3,3,2,2,1,2,2,2,2,2,2,2,2,2,2,2,1,2,2,1,2,1,1,2,2,2,2,2,2,2,2,1,2,4,3,3,3,3,3,3,3,3,3,3,8,8,8,3,3,3,3,3,2,2,5,2,2,8,6,3,2,4,8,3,3,3,3,3,3,3,3,3,3,3,3,3,3,3,3,3,3,3,3,3,3,3,3,3,3,6,3,1,3,3,3,3,3,3,3,3,3,3,3,8,1,1,3,1,1,4,0,3,1,5,5,1,1,2,2,3,1,1,3,2,5,2,2,2,2,3,2,2,5,1,1,1,1,1,1,1,1,1,1,1,1,1,1,1,1,2,1,2,1,1,2,2,2,2,2,1,2,1,2,2,2,2,2,2,2,2,2,2,2,2,2,2,,,,,,,,,,,,,,,,,,,,,,,,,,,,1,3,1,16,1,11,1,1,2,2,9,2,2,0,4,2
102,10,3,19.55,20.3,13622601600,1,2,1,1,,2,2,2,35,1,8,1,6,4,3,4,3,4,2,1,3,1,4,2,2,2,2,3,2,2,1,1,2,2,2,2,2,2,2,2,2,2,2,2,2,1,2,2,2,2,2,2,2,2,2,2,2,2,2,1,2,3,3,3,3,2,2,1,2,1,2,2,2,2,2,1,2,4,2,1,2,2,2,2,2,2,2,2,2,1,2,3,3,3,3,3,2,1,2,1,2,8,6,1,2,4,8,3,3,3,3,3,3,3,3,3,3,3,3,3,3,3,3,3,3,3,3,3,3,3,3,3,3,6,3,1,3,3,3,3,3,3,3,3,3,3,3,8,3,1,3,3,4,2,3,3,4,3,5,1,2,3,2,3,1,2,3,2,5,1,3,2,2,2,2,2,5,1,2,3,1,1,1,3,1,1,1,1,1,1,1,2,1,2,1,2,2,2,2,2,2,2,2,2,1,1,2,2,1,1,2,2,2,2,2,2,2,1,2,2,,,,,,,,,,,,,,,,,,,,,,,,,,,,2,2,1,9,1,2,6,1,2,4,1,4,0,1,5,2
103,10,3,16.5,17.25,13622688000,1,2,1,,1,2,1,2,40,1,8,1,6,2,19,25,3,4,2,1,2,1,2,1,1,1,1,3,2,2,1,8,3,3,3,3,3,3,3,3,3,3,3,3,3,3,3,3,3,3,3,3,3,3,3,3,3,8,8,8,2,3,3,3,3,2,2,2,2,1,2,2,2,2,2,1,2,4,2,2,3,3,3,3,3,3,3,3,8,8,8,2,2,1,2,2,2,1,2,2,1,1,6,5,2,4,8,3,3,3,3,3,3,3,3,3,3,3,3,3,3,3,3,3,3,3,3,3,3,3,3,3,3,6,3,2,2,1,2,2,2,2,2,2,2,2,2,2,3,1,3,4,4,3,3,3,4,5,5,2,3,3,3,3,3,1,3,1,1,1,4,2,3,2,3,2,5,1,3,1,3,1,3,3,1,1,1,1,1,1,1,1,1,2,1,2,2,2,2,2,2,2,1,2,1,2,2,2,2,2,2,2,2,2,2,2,2,2,2,2,,,,,,,,,,,,,,,,,,,,,,,,,,,,2,4,1,15,1,11,1,1,2,4,7,4,0,0,4,1
104,10,3,17.45,18.15,13622688000,1,2,3,,,4,4,8,70,1,8,2,3,1,6,16,3,4,2,1,3,1,2,2,2,2,2,3,2,1,2,2,3,3,3,3,3,3,3,3,3,3,3,3,3,3,1,2,2,2,2,2,2,2,2,2,2,2,2,2,1,2,2,1,2,1,1,2,2,2,2,2,1,2,2,2,1,2,2,2,3,3,3,3,3,3,3,3,8,8,8,2,2,2,2,1,1,1,4,2,2,8,6,3,2,4,8,3,3,3,3,3,3,3,3,3,3,3,3,3,3,3,3,3,3,3,3,3,3,3,3,3,3,6,3,1,3,3,3,3,3,3,3,3,3,3,3,8,1,1,4,4,1,1,0,0,1,5,5,2,2,3,3,3,1,3,3,1,4,1,3,2,,2,2,2,2,3,2,3,3,1,1,3,1,1,1,1,1,1,1,3,1,2,1,2,2,1,2,2,2,2,2,2,2,1,1,1,1,2,1,2,2,2,2,2,2,2,1,2,,,,,,,,,,,,,,,,,,,,,,,,,,,,2,3,1,16,1,4,6,3,2,7,1,2,0,1,3,1
105,10,3,18.25,18.5,13622688000,1,2,1,,3,2,2,1,16,2,1,1,6,2,20,20,3,2,1,2,2,2,7,4,4,8,8,8,8,2,1,8,3,3,3,3,3,3,3,3,3,3,3,3,3,3,3,3,3,3,3,3,3,3,3,3,3,8,8,8,2,3,3,3,3,2,2,2,2,1,2,2,2,2,2,1,2,4,2,2,3,3,3,3,3,3,3,3,8,8,8,2,2,2,1,2,2,2,5,2,1,1,6,5,2,4,8,3,3,3,3,3,3,3,3,3,3,3,3,3,3,3,3,3,3,3,3,3,3,3,3,3,3,6,3,1,3,3,3,3,3,3,3,3,3,3,3,8,4,1,3,4,1,1,0,0,1,5,5,2,3,3,3,3,3,3,3,1,1,1,3,2,2,2,2,2,5,1,2,3,1,1,3,1,1,1,1,3,1,1,1,3,1,2,1,2,2,2,2,2,2,2,2,1,1,2,2,2,2,2,2,2,2,2,2,2,2,2,2,1,2,1,1,1,1,2,2,2,2,2,1,8,8,8,8,8,2,2,2,2,2,2,2,2,2,2,1,1,5,1,19,1,11,1,1,2,3,10,4,2,0,6,2
106,10,3,18.55,19.2,13622688000,1,2,1,6,,2,1,2,40,1,8,1,6,2,26,26,2,4,1,2,2,2,7,4,4,8,8,8,8,2,1,8,3,3,3,3,3,3,3,3,3,3,3,3,3,3,3,3,3,3,3,3,3,3,3,3,3,8,8,8,2,3,3,3,3,2,1,2,2,2,2,2,1,2,2,2,2,4,2,2,3,3,3,3,3,3,3,3,8,8,8,2,2,2,2,1,2,2,5,2,2,8,6,3,2,4,8,3,3,3,3,3,3,3,3,3,3,3,3,3,3,3,3,3,3,3,3,3,3,3,3,3,3,6,3,1,3,3,3,3,3,3,3,3,3,3,3,8,1,1,4,1,1,2,1,1,2,5,5,2,3,3,3,3,1,1,3,2,5,1,4,2,1,1,1,2,5,1,1,3,1,1,3,1,1,1,1,1,1,1,1,2,1,1,2,2,2,2,2,2,2,2,2,2,2,2,2,2,2,2,2,2,2,2,2,2,2,2,2,,,,,,,,,,,,,,,,,,,,,,,,,,,,,1,6,1,8,1,2,5,10,8,3,1,4,1,0,5,2
107,10,3,19.2,19.45,13622688000,1,2,3,,,4,4,8,50,1,8,1,6,1,7,12,2,4,3,2,3,1,4,1,1,1,1,2,2,2,2,2,3,3,3,3,3,3,3,3,3,3,3,3,3,3,1,2,2,2,2,2,2,2,2,2,2,2,2,2,1,2,2,1,2,1,1,2,2,2,2,2,2,2,2,1,1,2,1,2,3,3,3,3,3,3,3,3,8,8,8,2,2,2,2,1,1,1,2,2,1,2,6,3,2,4,8,3,3,3,3,3,3,3,3,3,3,3,3,3,3,3,3,3,3,3,3,3,3,3,3,3,3,6,3,1,3,3,3,3,3,3,3,3,3,3,3,8,3,1,3,4,2,2,1,1,2,5,5,2,3,3,3,3,1,3,3,2,5,1,3,2,2,2,2,2,5,1,2,1,1,1,1,1,1,1,1,1,1,1,1,1,1,2,1,2,2,2,2,2,2,2,2,2,1,2,2,2,2,2,2,2,2,2,2,2,2,2,2,2,,,,,,,,,,,,,,,,,,,,,,,,,,,,1,3,1,15,1,3,1,1,2,4,2,3,0,1,4,1
108,10,3,19.55,20.2,13622688000,1,2,1,,1,2,1,2,35,1,8,1,6,4,21,21,2,4,1,2,3,2,7,4,4,8,8,8,8,2,1,1,3,3,3,3,3,3,3,3,3,3,3,3,3,3,3,3,3,3,3,3,3,3,3,3,3,8,8,8,2,3,3,3,3,2,2,2,2,1,2,2,1,2,2,2,2,4,2,2,3,3,3,3,3,3,3,3,8,8,8,2,2,2,2,1,1,1,2,1,1,1,6,5,2,4,8,3,3,3,3,3,3,3,3,3,3,3,3,3,3,3,3,3,3,3,3,3,3,3,3,3,3,6,3,1,3,3,3,3,3,3,3,3,3,3,3,8,1,1,3,1,1,3,3,0,1,3,5,2,2,3,2,3,3,3,3,2,5,9,4,2,3,3,3,2,5,2,2,2,1,1,1,1,1,1,1,1,1,1,1,2,1,2,1,2,2,2,2,2,2,2,2,1,1,1,2,2,2,2,2,2,2,2,2,2,2,2,2,2,,,,,,,,,,,,,,,,,,,,,,,,,,,,1,3,1,13,1,3,4,1,2,3,1,4,0,1,5,1
109,10,3,20.25,20.5,13622688000,2,1,3,,,4,4,8,40,1,8,1,6,1,3,25,3,4,2,1,3,2,7,4,4,8,8,3,8,2,1,8,3,3,3,3,3,3,3,3,3,3,3,3,3,3,3,3,3,3,3,3,3,3,3,3,3,8,8,8,2,3,3,3,3,2,1,2,2,2,2,2,1,2,2,2,2,4,2,2,3,3,3,3,3,3,3,3,8,8,8,1,2,2,2,2,1,1,3,8,2,8,6,3,2,4,8,3,3,3,3,3,3,3,3,3,3,3,3,3,3,3,3,3,3,3,3,3,3,3,3,3,3,6,2,1,3,3,3,3,3,3,3,3,3,3,3,8,1,1,3,4,4,1,3,3,4,3,5,2,3,3,3,3,1,3,3,2,5,1,2,2,2,2,2,2,5,2,2,1,1,1,2,1,1,3,1,2,2,1,1,2,2,2,1,2,2,2,2,2,2,2,2,1,1,1,1,1,1,2,1,2,1,1,1,1,2,2,2,2,,,,,,,,,,,,,,,,,,,,,,,,,,,,2,2,1,11,1,2,1,1,2,8,10,3,0,0,3,1
110,10,3,21,21.25,13622688000,1,1,3,,,4,4,8,76,1,8,1,6,1,6,25,3,4,3,3,3,2,7,4,4,8,8,3,8,2,1,8,3,3,3,3,3,3,3,3,3,3,3,3,3,3,3,3,3,3,3,3,3,3,3,3,3,8,8,8,2,3,3,3,3,2,2,2,2,1,2,2,2,2,2,1,2,4,2,2,3,3,3,3,3,3,3,3,8,8,8,2,2,2,2,1,3,2,5,8,2,8,6,3,2,4,8,3,3,3,3,3,3,3,3,3,3,3,3,3,3,3,3,3,3,3,3,3,3,3,3,3,3,6,3,1,3,3,3,3,3,3,3,3,3,3,3,8,1,1,3,1,1,1,0,0,1,5,5,2,3,3,1,3,1,1,3,1,1,1,2,2,3,3,2,2,5,2,2,2,3,1,2,3,1,1,1,3,1,1,1,3,1,2,1,2,2,2,2,2,2,2,3,2,1,2,1,2,2,1,2,2,2,2,2,2,2,2,2,2,,,,,,,,,,,,,,,,,,,,,,,,,,,,2,3,1,4,1,2,1,1,2,6,2,2,2,0,4,2
111,10,3,14.35,15,13622774400,1,2,1,,,1,1,2,39,1,8,1,6,1,7,7,4,4,3,1,3,1,1,1,1,1,1,3,2,1,1,8,3,3,3,3,3,3,3,3,3,3,3,3,3,3,3,3,3,3,3,3,3,3,3,3,3,8,8,8,1,2,2,1,1,1,2,2,2,2,2,2,1,2,2,2,2,4,2,2,3,3,3,3,3,3,3,3,8,8,8,2,2,2,2,1,1,1,2,2,1,1,6,5,2,4,8,3,3,3,3,3,3,3,3,3,3,3,3,3,3,3,3,3,3,3,3,3,3,3,3,3,3,6,3,1,3,3,3,3,3,3,3,3,3,3,3,8,1,1,3,4,4,4,3,3,4,5,5,2,3,3,3,3,3,3,3,1,4,1,4,2,3,3,2,2,5,3,2,3,3,1,2,3,1,3,1,2,1,1,1,2,2,2,1,2,2,2,2,2,2,2,2,2,1,2,2,2,2,2,2,2,2,2,2,2,2,2,2,2,,,,,,,,,,,,,,,,,,,,,,,,,,,,2,1,1,14,1,4,6,1,2,4,1,2,0,0,2,1
112,10,3,15.05,15.3,13622774400,1,2,3,,,4,4,8,48,1,8,1,6,1,6,25,3,4,3,3,3,2,7,4,4,8,8,3,8,2,1,8,3,3,3,3,3,3,3,3,3,3,3,3,3,3,3,3,3,3,3,3,3,3,3,3,3,8,8,8,1,2,2,2,1,2,2,2,2,1,2,2,2,2,2,2,2,4,2,2,3,3,3,3,3,3,3,3,8,8,8,2,2,2,2,1,3,2,5,8,2,8,6,3,2,4,8,3,3,3,3,3,3,3,3,3,3,3,3,3,3,3,3,3,3,3,3,3,3,3,3,3,3,6,3,1,1,3,3,3,3,3,3,3,3,3,3,8,1,1,4,1,1,1,0,0,1,5,5,2,3,3,3,3,1,1,3,2,5,1,2,2,3,3,2,2,5,3,3,3,3,1,3,3,1,1,1,1,1,1,1,3,1,,,,,,,,,,2,2,1,1,1,1,2,1,1,1,2,2,2,2,2,1,2,2,,,,,,,,,,,,,,,,,,,,,,,,,,,,2,2,1,16,1,11,1,1,2,5,2,3,1,1,5,1
113,10,3,15.4,16.1,13622774400,1,2,1,3,,2,1,2,60,1,8,1,6,1,10,26,2,4,1,2,3,1,4,1,1,1,1,2,2,1,1,8,3,3,3,3,3,3,3,3,3,3,3,3,3,3,3,3,3,3,3,3,3,3,3,3,3,8,8,8,1,2,2,2,1,2,1,2,2,2,2,2,1,2,2,2,2,4,2,2,3,3,3,3,3,3,3,3,8,8,8,2,2,1,2,2,1,1,2,8,2,8,6,1,1,2,2,2,3,3,3,3,3,3,3,3,3,3,3,3,3,2,2,2,2,2,2,2,2,1,2,2,2,2,3,1,3,3,3,3,3,3,3,3,3,3,3,8,1,1,3,4,2,1,3,3,4,2,4,2,3,3,3,3,1,3,3,1,1,1,2,2,3,2,2,2,5,2,2,2,2,1,2,2,1,1,1,1,1,1,1,3,1,2,1,2,2,2,2,2,2,2,2,1,2,2,2,2,2,2,2,2,2,2,2,2,2,2,2,2,,,,,,,,,,,,,,,,,,,,,,,,,,,,1,3,1,10,1,2,1,3,2,4,10,4,0,0,4,1
114,10,3,16.15,16.4,13622774400,2,2,3,,,4,4,8,48,1,8,1,6,2,18,16,3,4,2,1,3,1,2,2,2,2,2,2,2,2,1,8,3,3,3,3,3,3,3,3,3,3,3,3,3,3,3,3,3,3,3,3,3,3,3,3,3,8,8,8,2,3,3,3,3,1,2,2,2,2,2,2,2,2,2,1,2,4,2,2,3,3,3,3,3,3,3,3,8,8,8,2,2,2,2,1,2,1,2,8,1,1,6,5,2,4,8,3,3,3,3,3,3,3,3,3,3,3,3,3,3,3,3,3,3,3,3,3,3,3,3,3,3,6,3,1,3,3,3,3,3,3,3,3,3,3,3,8,4,1,4,4,4,4,3,3,4,5,5,2,3,3,3,3,3,3,3,2,5,9,2,2,2,2,2,2,5,2,1,1,1,1,1,1,1,1,1,1,1,1,1,1,1,2,1,2,2,2,2,2,2,2,2,2,2,2,2,2,2,2,2,2,2,2,2,2,2,2,2,,,,,,,,,,,,,,,,,,,,,,,,,,,,,1,2,1,16,1,5,1,1,2,5,2,4,0,3,7,1
115,10,3,16.45,17.15,13622774400,1,2,1,,,1,2,2,48,1,8,1,6,1,7,26,2,4,3,2,3,2,7,4,4,8,8,8,8,1,2,2,3,3,3,3,3,3,3,3,3,3,3,3,3,3,2,2,2,2,1,2,2,2,2,2,2,2,2,1,2,3,3,3,3,2,2,2,2,1,2,2,1,2,2,2,1,1,1,1,2,2,2,2,2,2,2,2,2,2,1,3,3,3,3,3,1,2,5,2,2,8,6,3,2,4,8,3,3,3,3,3,3,3,3,3,3,3,3,3,3,3,3,3,3,3,3,3,3,3,3,3,3,6,3,1,3,3,3,3,3,3,3,3,3,3,3,8,1,1,3,3,3,4,3,3,4,5,5,1,2,3,2,2,1,2,2,1,1,1,3,2,3,3,2,2,5,1,3,1,1,1,1,2,1,1,1,1,1,1,1,1,1,2,1,2,2,2,2,2,2,2,2,1,1,2,2,2,2,2,2,2,2,2,2,2,1,1,2,2,,,,,,,,,,,,,,,,,,,,,,,,,,,,1,2,1,15,1,3,1,1,2,5,2,3,1,2,6,1
116,10,3,17.2,17.5,13622774400,1,2,3,,,4,4,8,50,1,8,1,6,1,10,16,1,1,1,2,3,2,7,4,4,8,8,8,8,1,1,8,3,3,3,3,3,3,3,3,3,3,3,3,3,3,3,3,3,3,3,3,3,3,3,3,3,8,8,8,2,3,3,3,3,2,2,2,2,1,2,2,1,2,2,2,2,4,2,2,3,3,3,3,3,3,3,3,8,8,8,2,2,2,2,1,1,1,3,2,2,8,6,3,2,4,8,3,3,3,3,3,3,3,3,3,3,3,3,3,3,3,3,3,3,3,3,3,3,3,3,3,3,6,3,1,3,3,3,3,3,3,3,3,3,3,3,8,1,1,4,1,1,1,3,0,1,5,5,2,3,3,3,3,1,3,3,1,4,1,2,2,2,2,2,2,5,2,3,2,1,1,1,1,1,1,1,1,1,1,1,3,1,2,1,2,2,2,2,2,1,2,2,1,1,1,2,2,2,2,2,2,2,2,2,2,2,2,2,2,,,,,,,,,,,,,,,,,,,,,,,,,,,,1,2,1,14,1,3,6,1,2,3,1,5,0,0,5,1
